year,theta,y_1,y_n_real_obs,y_n_real_EH,term_prem,y_n_real_theta,spr_theta,r_n_real_theta,duration_theta,xb_theta
1920,0.0,0.004832438712107395,0.020152915521359022,0.019684221813812994,0.0004686937075460279,0.019684221813812994,0.0148517831017056,-0.11187537451407123,9.166943190999357,-0.08087699199406267
1921,0.0,0.048736530200716555,0.028259900629850544,0.03673477222419337,-0.008474871594342827,0.03673477222419337,-0.012001757976523184,-0.11956665476303432,8.523599802304537,-0.12439909347514172
1922,0.0,0.07639096133654692,0.029646035036128233,0.04394517078845067,-0.014299135752322438,0.04394517078845067,-0.03244579054809625,-0.017513380988389782,8.271244862489,-0.06624991118910634
1923,0.0,0.04460905868015739,0.024432340687038843,0.0307990667904263,-0.006366726103387458,0.0307990667904263,-0.013809991889731088,0.1395337119458315,8.739902866950347,0.06314275060928458
1924,0.0,0.02051446122964303,0.018583018451031642,0.021608975394846946,-0.0030259569438153035,0.021608975394846946,0.0010945141652039143,0.10192948153060666,9.090865398534833,0.05732042285044927
1925,0.0,0.02508481579960746,0.018144459919865557,0.021493998335545626,-0.0033495384156800694,0.021493998335545626,-0.0035908174640618337,0.022539239305573278,9.095384407254663,0.002024778075930246
1926,0.0,0.01578320288464878,0.014245147057413813,0.016196470684463726,-0.0019513236270499133,0.016196470684463726,0.0004132677998149453,0.06437952107911446,9.307149138907981,0.039294705279507
1927,0.0,0.03319620395239105,0.013838544264353433,0.020111049327937985,-0.006272505063584552,0.020111049327937985,-0.013085154624453064,-0.016322517922861046,9.149993578193406,-0.03210572080750983
1928,0.0,0.04134794495677187,0.014479678878577432,0.020225517565587763,-0.00574583868701033,0.020225517565587763,-0.021122427391184105,0.01917813392618517,9.145455630699383,-0.014018070026205878
1929,0.0,0.049994080271853356,0.01637623782514116,0.02087912237447305,-0.004502884549331891,0.02087912237447305,-0.029114957897380306,0.014901608594800886,9.11960622606423,-0.026446336361970982
1930,0.0,0.025512326132067744,0.012270971177319012,0.013524590669008801,-0.0012536194916897888,0.013524590669008801,-0.011987735463058943,0.08059502379994735,9.41664474904234,0.03060094352809399
1931,0.0,0.0367915906789361,0.01732133267130944,0.0207706633809069,-0.003449330709597461,0.0207706633809069,-0.0160209272980292,-0.047463029172767346,9.123888386684879,-0.0729753553048351
1932,0.0,0.058144206859451604,0.022619220918875242,0.03317920391347532,-0.010559982994600078,0.03317920391347532,-0.024965002945976283,-0.08003493494733424,8.652216413706919,-0.11682652562627034
1933,0.0,0.04371198248749594,0.01971791322667832,0.028314417804173535,-0.008596504577495216,0.028314417804173535,-0.015397564683322408,0.07040560002824786,8.832826122021103,0.012261393168796257
1934,0.0,-0.005789159099856583,0.01051114949402521,0.007472252005866474,0.003038897488158736,0.007472252005866474,0.013261411105723058,0.19156747850864786,9.671566243269924,0.14785549602115192
1935,0.0,-0.011253323943276947,0.006833909772880755,0.005394892887802745,0.0014390168850780104,0.005394892887802745,0.01664821683107969,0.025486209209216897,9.761324807081095,0.03127536830907348
1936,0.0,-0.016836498639662148,0.004558220826300023,8.940730170581088e-05,0.004468813524594212,8.940730170581088e-05,0.016925905941367957,0.051877975366884994,9.995977810281564,0.06313129931016194
1937,0.0,-0.00971172824719689,0.005804408892496369,0.0009762991461380587,0.00482810974635831,0.0009762991461380587,0.010688027393334949,-0.00788905205092638,9.95620205023881,0.008947446588735768
1938,0.0,-0.015064263766582504,0.0037599915174790326,0.0019891265399774333,0.0017708649775015992,0.0019891265399774333,0.01705339030655994,-0.00809478763510418,9.911050478445715,0.0016169406120927106
1939,0.0,0.003639916825013417,0.005385255953854275,0.00708278350323865,-0.0016975275493843747,0.00708278350323865,0.003442866678225233,-0.043400707779529785,9.688305043673761,-0.02833644401294728
1940,0.0,-0.007300737158120591,0.002130141844677559,0.0023098767218390644,-0.0001797348771615053,0.0023098767218390644,0.009610613879959656,0.048551253565057365,9.896811719239746,0.044911336740043946
1941,0.0,-0.010363304419649241,-0.0008687831932387702,0.0014675370399877276,-0.002336320233226498,0.0014675370399877276,0.011830841459636969,0.009804014274914716,9.934266666717642,0.017104751433035307
1942,0.0,-0.04336977796443498,-0.0014373772843126187,-0.006205406171008476,0.004768028886695857,-0.006205406171008476,0.03716437179342651,0.07001965780560854,10.284812137521778,0.08038296222525777
1943,0.0,-0.03959234941788579,-0.0008196807332699028,-0.004897915512045649,0.004078234778775746,-0.004897915512045649,0.034694433905840136,-0.018345211311042872,10.223864739088137,0.02502456665339211
1944,0.0,-0.01703438240889127,0.002917071479776205,0.0025270692064361692,0.0003900022733400359,0.0025270692064361692,0.01956145161532744,-0.07338497024511835,9.887186481290627,-0.03379262082723256
1945,0.0,-0.01424001540817395,0.0022512620620919015,0.0025443721528390735,-0.000293110090747172,0.0025443721528390735,0.016784387561013022,0.0023732946950777815,9.886420241272925,0.01940767710396905
1946,0.0,-0.013944594758884276,0.000523457432449758,9.423655343754976e-05,0.0004292208790122083,9.423655343754976e-05,0.014038831312321826,0.024317306737224143,9.995760620284438,0.038557322145398094
1947,0.0,-0.06754998240280023,-0.008058327892328559,-0.016680308306599542,0.008621980414270983,-0.016680308306599542,0.05086967409620069,0.15099402662855396,10.791879158806958,0.16493862138743823
1948,0.0,-0.03236359019581071,-0.0009988092409240236,-0.0030173643761172665,0.002018555135193243,-0.0030173643761172665,0.029346225819693445,-0.15046620422743698,10.13708811129475,-0.08291622182463675
1949,0.0,-0.008656086831278983,0.0012365650115791736,0.004917392493877062,-0.0036808274822978885,0.004917392493877062,0.013573479325156046,-0.07551793703895679,9.782123334325469,-0.04315434684314608
1950,0.0,0.008370698909247958,0.004536895101946253,0.010818394535036514,-0.006281499433090261,0.010818394535036514,0.002447695625788556,-0.046905935227691584,9.529431387793284,-0.0382498483964126
1951,0.0,-0.014287985434121922,0.0019871306131706776,0.0024715567125919726,-0.000484426099421295,0.0024715567125919726,0.016759542146713893,0.08201217504661512,9.88964535063876,0.07364147613736716
1952,0.0,-0.011896001937892756,0.0030183724635040148,0.0031889861449060724,-0.00017061368140205762,0.0031889861449060724,0.015084988082798829,-0.003906136504790471,9.85793391647123,0.010381848929331451
1953,0.0,0.009667610127166767,0.007700375614145775,0.01100484624959968,-0.003304470635453905,0.01100484624959968,0.001337236122432913,-0.06604338616285382,9.52159901875022,-0.05414738422496107
1954,0.0,0.0020565240556011423,0.004294456570319533,0.008079248331570702,-0.003784791761251169,0.008079248331570702,0.00602272427596956,0.035935618597133095,9.645560107674475,0.02626800846996633
1955,0.0,0.007951308299700444,0.006509837899662394,0.008592552439044856,-0.0020827145393824617,0.008592552439044856,0.0006412441393444119,0.0036414468168867037,9.62364551848763,0.0015849227612855614
1956,0.0,0.017258603202984946,0.00862091108312383,0.01115864065898767,-0.00253772957586384,0.01115864065898767,-0.0060999625439972765,-0.013536482738908881,9.515145399027586,-0.021487791038609323
1957,0.0,0.01356513894971837,0.012418141936726468,0.012107968233747001,0.0003101737029794667,0.012107968233747001,-0.0014571707159713697,0.003074978328605732,9.47544673132107,-0.014183624874379214
1958,0.0,0.0011006947568202655,0.008888836241450933,0.008502118020683463,0.0003867182207674697,0.008502118020683463,0.007401423263863198,0.042669159635689735,9.627501317517297,0.029104020685971364
1959,0.0,0.017054502555032974,0.018575720235593812,0.014886744288621676,0.0036889759469721367,0.014886744288621676,-0.002167758266411298,-0.04658125351780901,9.360593866538368,-0.04768194827462927
1960,0.0,0.022362588566918456,0.0253016611154088,0.018789164355496137,0.006512496759912664,0.018789164355496137,-0.0035734242114223193,-0.01773980498714517,9.202633386919976,-0.034794307542178146
1961,0.0,0.01055122863674757,0.017093862439163946,0.012231209642442037,0.004862652796721909,0.012231209642442037,0.0016799810056944663,0.0725816626347029,9.470310384225067,0.05021907406778445
1962,0.0,0.017855158333728947,0.019835758985576265,0.014415469180944631,0.005420289804631634,0.014415469180944631,-0.0034396891527843157,-0.006270146608379129,9.379932159490206,-0.0168213752451267
1963,0.0,0.016372295231609456,0.01701460289866418,0.013621665288610155,0.0033929376100540268,0.013621665288610155,-0.002750629942999301,0.02106749194664681,9.41263440537803,0.0032123336129178635
1964,0.0,0.02086494502318951,0.02008902121682453,0.015253960728016389,0.00483506048880814,0.015253960728016389,-0.00561098429517312,-0.00011023948468036338,9.345565011981664,-0.01648253471628982
1965,0.0,0.026996549065538743,0.02070332362161932,0.016768241023803022,0.003935082597816299,0.016768241023803022,-0.010228308041735721,0.002616436073166223,9.283954396932668,-0.018248508950023286
1966,0.0,0.032689068829857,0.02413036432601617,0.019472213407636996,0.004658150918379175,0.019472213407636996,-0.013216855422220002,-0.005631342894442948,9.175378973335622,-0.03262789195998169
1967,0.0,0.027922503621807832,0.022893820557165052,0.018773279467312404,0.004120541089852648,0.018773279467312404,-0.009149224154495428,0.025186263247117258,9.20326859458366,-0.00750280558273974
1968,0.0,0.035357642421865204,0.032194796378223894,0.024025401506409323,0.008169394871814572,0.024025401506409323,-0.011332240915455882,-0.024311288310932044,8.996635397033087,-0.05223379193273987
1969,0.0,0.046628171101126374,0.035988902591954,0.0288529035511145,0.007135999040839502,0.0288529035511145,-0.017775267550011874,-0.0145783722235297,8.812565894235847,-0.049936014645394905
1970,0.0,0.050949717025228554,0.05146790715925091,0.037359467708226804,0.014108439451024107,0.037359467708226804,-0.01359024931700175,-0.03760518945987018,8.501291774029392,-0.08423336056099656
1971,0.0,0.02111892219435997,0.03735961211350569,0.023630711624628757,0.013728900488876934,0.023630711624628757,0.0025117894302687863,0.14034287278577678,9.011929976201179,0.08939315576054824
1972,0.0,0.019796834380966345,0.03602719902919935,0.022411862322943184,0.013615336706256163,0.022411862322943184,0.002615027941976839,0.03339604688127526,9.05939906993434,0.012277124686915289
1973,0.0,0.050418826218555514,0.04074322668018523,0.032608357415573865,0.008134869264611364,0.032608357415573865,-0.01781046880298165,-0.05976576074319459,8.673129637920049,-0.07956259512416093
1974,0.0,0.0593258733667814,0.04253595950881196,0.03820336350978082,0.004332595999031144,0.03820336350978082,-0.02112250985700058,-0.010322849670228784,8.471291732245685,-0.0607416758887843
1975,0.0,0.011831724608582922,0.045204882713704125,0.02813945019864513,0.017065432515058994,0.02813945019864513,0.01630772559006221,0.11339379582530615,8.839423735249097,0.05406792245852475
1976,0.0,0.016504021669320634,0.05056350177448095,0.02988163824150846,0.020681863532972487,0.02988163824150846,0.013377616572187827,0.014481699904155154,8.774047530947275,0.002649975295572232
1977,0.0,0.020119801886978317,0.046874134827731666,0.029430608110415684,0.017443526717315982,0.029430608110415684,0.009310806223437367,0.03338796791851309,8.790905034378472,0.016883946249192455
1978,0.0,0.036847046587189736,0.05274328324406013,0.03804388766699403,0.0146993955770661,0.03804388766699403,0.0011968410798042922,-0.037674634949439734,8.476949099383067,-0.05779443683641805
1979,0.0,0.05686150705334729,0.06188360956272444,0.0473016515132426,0.014581958049481841,0.0473016515132426,-0.00955985554010469,-0.031175941385515382,8.15751678910585,-0.06802298797270512
1980,0.0,0.046328391129175285,0.07490261786239147,0.04930820847734025,0.02559440938505122,0.04930820847734025,0.002979817348164965,0.03293968635441641,8.09063177067487,-0.023921820698930882
1981,0.0,0.10368943996002386,0.09118840334617684,0.07190601435392188,0.019282388992254956,0.07190601435392188,-0.03178342560610198,-0.11092451181869278,7.390860545218591,-0.15725290294786806
1982,0.0,0.09020060012374534,0.111034813026539,0.07684111722619948,0.03419369580033953,0.07684111722619948,-0.013359482897545863,0.040366460120888015,7.25025357219234,-0.06332297983913585
1983,0.0,0.062085423103779534,0.07736788736450682,0.05494051162388856,0.02242737574061826,0.05494051162388856,-0.007144911479890971,0.21372545562521883,7.9071898688515345,0.12352485550147349
1984,0.0,0.07801466453946854,0.08828624920553933,0.06279078003860969,0.025495469166929643,0.06279078003860969,-0.015223884500858847,0.000717217161961603,7.661720081136283,-0.06136820594181793
1985,0.0,0.05227111403881514,0.08558954745242178,0.054130267944836455,0.03145927950758533,0.054130267944836455,0.0018591539060213158,0.12048468736662249,7.933194739558741,0.04247002282715395
1986,0.0,0.04318704307946519,0.06582293767581954,0.04304300164896709,0.022779936026852445,0.04304300164896709,-0.00014404143049809998,0.13100044430344487,8.30221287540964,0.07872933026462973
1987,0.0,0.04349887242720021,0.04798356386003747,0.03484381693004132,0.01313974692999615,0.03484381693004132,-0.008655055497158885,0.10291519387136883,8.591651163599119,0.059728150791903634
1988,0.0,0.04379330376958887,0.06066154811584148,0.04010508305853837,0.02055646505730311,0.04010508305853837,-0.003688220711050502,-0.005097880196367921,8.404253807195348,-0.04859675262356813
1989,0.0,0.05915448939143162,0.06452811756774267,0.04547605178240301,0.01905206578533966,0.04547605178240301,-0.013678437609028614,0.00033706743653649784,8.219084709504939,-0.04345623633305237
1990,0.0,0.05040771655283857,0.05629025335951207,0.038992758400784575,0.017297494958727497,0.038992758400784575,-0.011414958152053997,0.09227949590087925,8.443369583845488,0.03312500650944763
1991,0.0,0.031006694799008208,0.05430161119748641,0.033166243065063966,0.021135368132422443,0.033166243065063966,0.002159548266055758,0.08236166543049661,8.652690423757118,0.03195394887765804
1992,0.0,0.013747882119848787,0.04629343682107388,0.023441840159211157,0.022851596661862726,0.023441840159211157,0.00969395803936237,0.10758408805943967,9.019262195721739,0.07657739326043146
1993,0.0,0.009831529711302859,0.04236865792029418,0.020645872433396058,0.02172278548689812,0.020645872433396058,0.010814342722093199,0.045863438443298266,9.128818944327815,0.03211555632344948
1994,0.0,0.01916543174243665,0.034456967968153604,0.02011468336119246,0.014342284606961145,0.02011468336119246,0.0009492516187558087,0.02496381222654459,9.14984946180042,0.015132282515241732
1995,0.0,0.03936816888559248,0.053516707751985214,0.03350109955032176,0.020015608201663454,0.03350109955032176,-0.0058670693352707234,-0.0889825934132194,8.640456047738185,-0.10814802515565605
1996,0.0,0.03262504279561759,0.03364079602688686,0.02275024878685514,0.01089054724003172,0.02275024878685514,-0.009874794008762452,0.11564250228438094,9.046184224686222,0.07627433339878846
1997,0.0,0.030612471521028563,0.04192128123043326,0.024247288746598827,0.017673992483834434,0.024247288746598827,-0.006365182774429736,0.010704789479040577,8.988053530480897,-0.021920253316577015
1998,0.0,0.035804452311604965,0.03311886290044132,0.021482678477372213,0.011636184423069105,0.021482678477372213,-0.014321773834232752,0.046331143568098226,9.095829493041236,0.015718672047069664
1999,0.0,0.032642888679603146,0.025375475467149612,0.01619745944610986,0.00917801602103975,0.01619745944610986,-0.016445429233493285,0.06427091058784878,9.307108956658247,0.02846645827624382
2000,0.0,0.04083353119240325,0.04306482306112104,0.02458827785597913,0.01847654520514191,0.02458827785597913,-0.016245253336424122,-0.053505983320208034,8.974888235007489,-0.08614887199981118
2001,0.0,0.019439581635660765,0.028468883304779417,0.014102314437512526,0.014366568867266892,0.014102314437512526,-0.005337267198148239,0.10821266415462737,9.392813740890471,0.06737913296222411
2002,0.0,-0.0005342731492362085,0.02846419777744644,0.009631089514200917,0.018833108263245524,0.009631089514200917,0.010165362663437125,0.051628472412494145,9.57952287620964,0.03218889077683338
2003,0.0,-0.010277339366436196,0.01848068474380955,0.005068202517243112,0.013412482226566437,0.005068202517243112,0.015345541883679308,0.048778482886159914,9.775547718818903,0.04931275603539612
2004,0.0,-0.005326616855399346,0.019750539613929807,0.005652298343966372,0.014098241269963434,0.005652298343966372,0.010978915199365717,-5.755828252983208e-05,9.750138932237201,0.010219781083906363
2005,0.0,0.008204272208061823,0.019570585977236717,0.009858794905738717,0.009711791071498,0.009858794905738717,0.001654522697676894,-0.031155130989519754,9.569887175026716,-0.025828514134120406
2006,0.0,0.025904239552921572,0.021389396398073853,0.01578191494284101,0.005607481455232842,0.01578191494284101,-0.010122324610080561,-0.04090167553636799,9.324018165463995,-0.04910594774442981
2007,0.0,0.02939411169956745,0.025179684451860383,0.01801127906211194,0.0071684053897484445,0.01801127906211194,-0.011382832637455511,-0.0027753524834038257,9.233813691204695,-0.028679592036325398
2008,0.0,0.005207650911926494,0.014448596882326841,0.007810549199075685,0.006638047683251156,0.007810549199075685,0.002602898287149191,0.10200218826866045,9.657059989411021,0.072608076569093
2009,0.0,-0.0031411366341472288,0.005100509702614959,0.005174044483309164,-7.353478069420556e-05,0.005174044483309164,0.008315181117456393,0.0306349286858315,9.770936534201361,0.025427277773905008
2010,0.0,-0.01877295323139794,0.015187257401284692,0.002126833070473666,0.013060424330811025,0.002126833070473666,0.020899786301871608,0.031900942391583385,9.904933865113762,0.035042079025730616
2011,0.0,-0.01500765090620661,0.012666235605159105,0.0015068052148380733,0.011159430390321032,0.0015068052148380733,0.016514456121044685,0.00764814011943692,9.932516154810816,0.02642109335083486
1920,0.25,0.004832438712107395,0.020152915521359022,0.019684221813812994,0.0004686937075460279,0.0198013952406995,0.014968956528592106,-0.09670726523396886,9.162285661296929,-0.0657088827139603
1921,0.25,0.048736530200716555,0.028259900629850544,0.03673477222419337,-0.008474871594342827,0.034616054325607666,-0.014120475875108889,-0.1011200841850487,8.599901430769878,-0.10595252289715609
1922,0.25,0.07639096133654692,0.029646035036128233,0.04394517078845067,-0.014299135752322438,0.04037038685037006,-0.03602057448617686,-0.00911630566245969,8.394963542086858,-0.057852835863176244
1923,0.25,0.04460905868015739,0.024432340687038843,0.0307990667904263,-0.006366726103387458,0.029207385264579437,-0.015401673415577952,0.12292037659754951,8.799265529679948,0.046529415261002585
1924,0.25,0.02051446122964303,0.018583018451031642,0.021608975394846946,-0.0030259569438153035,0.02085248615889312,0.00033802492925008934,0.09436946186351255,9.120657604830502,0.049760403183355166
1925,0.25,0.02508481579960746,0.018144459919865557,0.021493998335545626,-0.0033495384156800694,0.020656613731625608,-0.004428202067981852,0.02244309907495967,9.128394399031672,0.00192863784531664
1926,0.25,0.01578320288464878,0.014245147057413813,0.016196470684463726,-0.0019513236270499133,0.015708639777701247,-7.456310694753387e-05,0.06087569750525898,9.327004416811452,0.03579088170565152
1927,0.25,0.03319620395239105,0.013838544264353433,0.020111049327937985,-0.006272505063584552,0.018542923062041847,-0.014653280890349202,-0.007892449649497785,9.212487207898143,-0.023675652534146566
1928,0.25,0.04134794495677187,0.014479678878577432,0.020225517565587763,-0.00574583868701033,0.01878905789383518,-0.022558887062936687,0.01652154390452093,9.202637643917729,-0.01667466004787012
1929,0.25,0.049994080271853356,0.01637623782514116,0.02087912237447305,-0.004502884549331891,0.019753401237140075,-0.03024067903471328,0.010878898884380983,9.164192964775562,-0.030469046072390885
1930,0.25,0.025512326132067744,0.012270971177319012,0.013524590669008801,-0.0012536194916897888,0.013211185796086353,-0.01230114033598139,0.07316531051503691,9.429608787426185,0.023171230243183558
1931,0.25,0.0367915906789361,0.01732133267130944,0.0207706633809069,-0.003449330709597461,0.019908330703507535,-0.016883259975428565,-0.04324312576617777,9.158038049558154,-0.06875545189824551
1932,0.25,0.058144206859451604,0.022619220918875242,0.03317920391347532,-0.010559982994600078,0.0305392081648253,-0.027604998694626303,-0.06681877212611298,8.74955458185737,-0.10361036280504908
1933,0.25,0.04371198248749594,0.01971791322667832,0.028314417804173535,-0.008596504577495216,0.02616529165979973,-0.017546690827696214,0.06443511285700781,8.914362345713151,0.006290905997556211
1934,0.25,-0.005789159099856583,0.01051114949402521,0.007472252005866474,0.003038897488158736,0.008231976377906158,0.014021135477762741,0.1680960468606204,9.639032261494918,0.12438406437312446
1935,0.25,-0.011253323943276947,0.006833909772880755,0.005394892887802745,0.0014390168850780104,0.005754647109072248,0.017007971052349195,0.02963370385370792,9.745696281591558,0.035422862953564505
1936,0.25,-0.016836498639662148,0.004558220826300023,8.940730170581088e-05,0.004468813524594212,0.0012066106828543639,0.01804310932251651,0.04553039237038895,9.945909394812569,0.0567837163136659
1937,0.25,-0.00971172824719689,0.005804408892496369,0.0009762991461380587,0.00482810974635831,0.0021833265827276363,0.011895054829924527,-0.007531001261884756,9.902426091018087,0.009305497377777392
1938,0.25,-0.015064263766582504,0.0037599915174790326,0.0019891265399774333,0.0017708649775015992,0.002431842784352833,0.017496106550935336,-2.907053466122758e-05,9.891404968134685,0.009682657712535663
1939,0.25,0.003639916825013417,0.005385255953854275,0.00708278350323865,-0.0016975275493843747,0.006658401615892556,0.003018484790879139,-0.03514820340851299,9.706591180891404,-0.020083939641930487
1940,0.25,-0.007300737158120591,0.002130141844677559,0.0023098767218390644,-0.0001797348771615053,0.002264943002548688,0.00956568016066928,0.04491044963244366,9.89880468046776,0.04127053280743024
1941,0.25,-0.010363304419649241,-0.0008687831932387702,0.0014675370399877276,-0.002336320233226498,0.0008834569816811032,0.011246761401330345,0.014558517271045934,9.960355424209242,0.021859254429166523
1942,0.25,-0.04336977796443498,-0.0014373772843126187,-0.006205406171008476,0.004768028886695857,-0.005013398949334512,0.03835637901510047,0.05372138200893731,10.229227506181648,0.06408468642858654
1943,0.25,-0.03959234941788579,-0.0008196807332699028,-0.004897915512045649,0.004078234778775746,-0.0038783568173517127,0.035713992600534074,-0.015488961014505226,10.1766893262698,0.027880816949929756
1944,0.25,-0.01703438240889127,0.002917071479776205,0.0025270692064361692,0.0003900022733400359,0.002624569774771178,0.019658952183662447,-0.06355369386480189,9.88286988088947,-0.023961344446916104
1945,0.25,-0.01424001540817395,0.0022512620620919015,0.0025443721528390735,-0.000293110090747172,0.0024710946301522803,0.01671111003832623,0.00398786951437154,9.8896658217307,0.02102225192326281
1946,0.25,-0.013944594758884276,0.000523457432449758,9.423655343754976e-05,0.0004292208790122083,0.00020154177319060184,0.014146136532074877,0.022646661093295776,9.990936405661783,0.03688667650146973
1947,0.25,-0.06754998240280023,-0.008058327892328559,-0.016680308306599542,0.008621980414270983,-0.014524813203031797,0.053025169199768435,0.13260526285160715,10.68474314882744,0.1465498576104914
1948,0.25,-0.03236359019581071,-0.0009988092409240236,-0.0030173643761172665,0.002018555135193243,-0.0025127255923189555,0.029850864603491758,-0.13085879639399794,10.113977746661654,-0.06330881399119771
1949,0.25,-0.008656086831278983,0.0012365650115791736,0.004917392493877062,-0.0036808274822978885,0.00399718562330259,0.012653272454581574,-0.06184391154423684,9.822382047321687,-0.029480321348426125
1950,0.25,0.008370698909247958,0.004536895101946253,0.010818394535036514,-0.006281499433090261,0.009248019676763948,0.0008773207675159909,-0.04232767846342026,9.595764212712346,-0.03367159163214128
1951,0.25,-0.014287985434121922,0.0019871306131706776,0.0024715567125919726,-0.000484426099421295,0.0023504501877366487,0.01663843562185857,0.0685379006452414,9.895012636220704,0.06016720173599344
1952,0.25,-0.011896001937892756,0.0030183724635040148,0.0031889861449060724,-0.00017061368140205762,0.003146332724555558,0.015042334662448314,-0.0047289350342149365,9.85981524350729,0.009559050399906985
1953,0.25,0.009667610127166767,0.007700375614145775,0.01100484624959968,-0.003304470635453905,0.010178728590736204,0.0005111184635694377,-0.05915939536900938,9.55637196964167,-0.04726339343111663
1954,0.25,0.0020565240556011423,0.004294456570319533,0.008079248331570702,-0.003784791761251169,0.00713305039125791,0.005076526335656768,0.036238684165301,9.686142336307785,0.026571074038134235
1955,0.25,0.007951308299700444,0.006509837899662394,0.008592552439044856,-0.0020827145393824617,0.00807187380419924,0.00012056550449879647,-0.0010217034022087512,9.645875465844059,-0.0030782274578098935
1956,0.25,0.017258603202984946,0.00862091108312383,0.01115864065898767,-0.00253772957586384,0.01052420826502171,-0.006734394937963236,-0.013130704544669664,9.541808082081001,-0.021082012844370106
1957,0.25,0.01356513894971837,0.012418141936726468,0.012107968233747001,0.0003101737029794667,0.012185511659491867,-0.0013796272902265039,-0.003666326496652078,9.472214481359117,-0.020924929699637024
1958,0.25,0.0011006947568202655,0.008888836241450933,0.008502118020683463,0.0003867182207674697,0.00859879757587533,0.007498102819055065,0.042572922659202594,9.623379329235485,0.029007783709484224
1959,0.25,0.017054502555032974,0.018575720235593812,0.014886744288621676,0.0036889759469721367,0.01580898827536471,-0.0012455142796682639,-0.05357741186194734,9.322915166873926,-0.054678106618767604
1960,0.25,0.022362588566918456,0.0253016611154088,0.018789164355496137,0.006512496759912664,0.020417288545474303,-0.0019453000214441525,-0.022545503936239636,9.137860366582553,-0.03960000649127261
1961,0.25,0.01055122863674757,0.017093862439163946,0.012231209642442037,0.004862652796721909,0.013446872841622513,0.0028956442048749427,0.07714155824045442,9.419857184393008,0.05477896967353596
1962,0.25,0.017855158333728947,0.019835758985576265,0.014415469180944631,0.005420289804631634,0.01577054163210254,-0.0020846167016264072,-0.006118086518050542,9.324481582897956,-0.016669315154798112
1963,0.25,0.016372295231609456,0.01701460289866418,0.013621665288610155,0.0033929376100540268,0.014469899691123661,-0.0019023955404857944,0.026597711515725847,9.377695743237915,0.0087425531819969
1964,0.25,0.02086494502318951,0.02008902121682453,0.015253960728016389,0.00483506048880814,0.016462725850218424,-0.004402219172971084,-0.002225391538937721,9.29633777339152,-0.018597686770547177
1965,0.25,0.026996549065538743,0.02070332362161932,0.016768241023803022,0.003935082597816299,0.017752011673257097,-0.009244537392281645,0.005766375175844496,9.244239707871042,-0.015098569847345013
1966,0.25,0.032689068829857,0.02413036432601617,0.019472213407636996,0.004658150918379175,0.02063675113723179,-0.012052317692625207,-0.006030471962505696,9.12917948203395,-0.03302702102804444
1967,0.25,0.027922503621807832,0.022893820557165052,0.018773279467312404,0.004120541089852648,0.019803414739775566,-0.008119088882032267,0.02741109228106503,9.16220541800067,-0.005277976548791967
1968,0.25,0.035357642421865204,0.032194796378223894,0.024025401506409323,0.008169394871814572,0.026067750224362966,-0.009289892197502238,-0.03132737829269758,8.918088829950106,-0.059249881914505406
1969,0.25,0.046628171101126374,0.035988902591954,0.0288529035511145,0.007135999040839502,0.030636903311324376,-0.015991267789801998,-0.01011120979583821,8.745924152949545,-0.045468852217703415
1970,0.25,0.050949717025228554,0.05146790715925091,0.037359467708226804,0.014108439451024107,0.04088657757098283,-0.010063139454245723,-0.048756296096429286,8.376931097561654,-0.09538446719755567
1971,0.25,0.02111892219435997,0.03735961211350569,0.023630711624628757,0.013728900488876934,0.02706293674684799,0.005944014552488018,0.14286262344806597,8.880174235572326,0.09191290642283742
1972,0.25,0.019796834380966345,0.03602719902919935,0.022411862322943184,0.013615336706256163,0.025815696499507226,0.006018862118540882,0.036891407209511534,8.927728768795875,0.015772485015151563
1973,0.25,0.050418826218555514,0.04074322668018523,0.032608357415573865,0.008134869264611364,0.0346420747317267,-0.015776751486828812,-0.0441574361363328,8.598958305270996,-0.06395427051729914
1974,0.25,0.0593258733667814,0.04253595950881196,0.03820336350978082,0.004332595999031144,0.0392865125095386,-0.020039360857242797,-0.0006508142932913907,8.433013532568104,-0.051069640511846905
1975,0.25,0.011831724608582922,0.045204882713704125,0.02813945019864513,0.017065432515058994,0.03240580832740988,0.020574083718826956,0.09043087980889933,8.680567839754787,0.03110500644211793
1976,0.25,0.016504021669320634,0.05056350177448095,0.02988163824150846,0.020681863532972487,0.035052104124751585,0.01854808245543095,0.012080753931868915,8.584116481308946,0.00024902932328599303
1977,0.25,0.020119801886978317,0.046874134827731666,0.029430608110415684,0.017443526717315982,0.03379148978974468,0.013671687902766363,0.04461275007945176,8.629866731713317,0.028108728410131123
1978,0.25,0.036847046587189736,0.05274328324406013,0.03804388766699403,0.0146993955770661,0.04171873656126055,0.0048716899740708156,-0.02669234662632608,8.347980547824307,-0.0468121485133044
1979,0.25,0.05686150705334729,0.06188360956272444,0.0473016515132426,0.014581958049481841,0.05094714102561306,-0.005914366027734229,-0.02609139993025672,8.036603628680886,-0.06293844651744646
1980,0.25,0.046328391129175285,0.07490261786239147,0.04930820847734025,0.02559440938505122,0.055706810823603056,0.009378419694427771,0.017455231253753867,7.882712531656068,-0.039406275799593424
1981,0.25,0.10368943996002386,0.09118840334617684,0.07190601435392188,0.019282388992254956,0.07672661160198563,-0.026962828358038232,-0.08896643540668459,7.2534694080159845,-0.13529482653585986
1982,0.25,0.09020060012374534,0.111034813026539,0.07684111722619948,0.03419369580033953,0.08538954117628436,-0.004811058947460978,0.022553246525311543,7.016233971891005,-0.08113619343471232
1983,0.25,0.062085423103779534,0.07736788736450682,0.05494051162388856,0.02242737574061826,0.06054735555904313,-0.0015380675447364059,0.23484594222275318,7.73068735823787,0.14464534209900784
1984,0.25,0.07801466453946854,0.08828624920553933,0.06279078003860969,0.025495469166929643,0.0691646473303421,-0.00885001720912644,0.002547058771713906,7.470771615549626,-0.05953836433206563
1985,0.25,0.05227111403881514,0.08558954745242178,0.054130267944836455,0.03145927950758533,0.06199508782173278,0.009723973782917644,0.11555722949464514,7.686074696788647,0.037542564955176605
1986,0.25,0.04318704307946519,0.06582293767581954,0.04304300164896709,0.022779936026852445,0.0487379856556802,0.005550942576215009,0.15063306316691888,8.109556085757628,0.09836194912810374
1987,0.25,0.04349887242720021,0.04798356386003747,0.03484381693004132,0.01313974692999615,0.03812875366254036,-0.0053701187646598494,0.12416491553772213,8.473937808749042,0.08097787245825694
1988,0.25,0.04379330376958887,0.06066154811584148,0.04010508305853837,0.02055646505730311,0.045244199322864144,0.0014508955532752735,-0.015051644684252852,8.226953077604655,-0.05855051711145306
1989,0.25,0.05915448939143162,0.06452811756774267,0.04547605178240301,0.01905206578533966,0.05023906822873792,-0.008915421162693699,0.00914651611132783,8.059879518703077,-0.03464678765826104
1990,0.25,0.05040771655283857,0.05629025335951207,0.038992758400784575,0.017297494958727497,0.04331713214046645,-0.0070905844123721196,0.09910710304809739,8.29278494838145,0.03995261365666577
1991,0.25,0.031006694799008208,0.05430161119748641,0.033166243065063966,0.021135368132422443,0.03845008509816958,0.00744339029916137,0.07881145955359353,8.462550254086976,0.02840374300075496
1992,0.25,0.013747882119848787,0.04629343682107388,0.023441840159211157,0.022851596661862726,0.02915473932467684,0.015406857204828053,0.10781707006197408,8.801238992211898,0.07681037526296587
1993,0.25,0.009831529711302859,0.04236865792029418,0.020645872433396058,0.02172278548689812,0.02607656880512059,0.01624503909381773,0.053168283206516204,8.91775183114962,0.03942040108666742
1994,0.25,0.01916543174243665,0.034456967968153604,0.02011468336119246,0.014342284606961145,0.023700254512932745,0.004534822770496095,0.044891635643477895,9.009232404545802,0.03506010593217504
1995,0.25,0.03936816888559248,0.053516707751985214,0.03350109955032176,0.020015608201663454,0.03850500160073762,-0.0008631672848548599,-0.09487440560381918,8.460606334463758,-0.11403983734625583
1996,0.25,0.03262504279561759,0.03364079602688686,0.02275024878685514,0.01089054724003172,0.02547288559686307,-0.0071521571987545225,0.13573248881071065,8.940863989531868,0.09636431992511817
1997,0.25,0.030612471521028563,0.04192128123043326,0.024247288746598827,0.017673992483834434,0.028665786867557434,-0.0019466846534711285,0.00011849087427565075,8.819598399743162,-0.03250655192134194
1998,0.25,0.035804452311604965,0.03311886290044132,0.021482678477372213,0.011636184423069105,0.024391724583139488,-0.011412727728465476,0.062087237467194634,8.982473582642534,0.03147476594616607
1999,0.25,0.032642888679603146,0.025375475467149612,0.01619745944610986,0.00917801602103975,0.0184919634513698,-0.014150925228233347,0.07148641196139227,9.214528347155902,0.035681959649787306
2000,0.25,0.04083353119240325,0.04306482306112104,0.02458827785597913,0.01847654520514191,0.02920741415726461,-0.011626117035138644,-0.06953041012475483,8.799264446797983,-0.10217329880435798
2001,0.25,0.019439581635660765,0.028468883304779417,0.014102314437512526,0.014366568867266892,0.017693956654329247,-0.0017456249813315172,0.11900391391962784,9.246576610300929,0.07817038272722458
2002,0.25,-0.0005342731492362085,0.02846419777744644,0.009631089514200917,0.018833108263245524,0.014339366580012298,0.014873639729248506,0.045357840698339064,9.383060307109735,0.0259182590626783
2003,0.25,-0.010277339366436196,0.01848068474380955,0.005068202517243112,0.013412482226566437,0.008421323073884721,0.018698662440320916,0.06395068219197891,9.63094798010163,0.06448495534121512
2004,0.25,-0.005326616855399346,0.019750539613929807,0.005652298343966372,0.014098241269963434,0.00917685866145723,0.014503475516856577,0.0019003347204308713,9.598785597190092,0.012177674086867067
2005,0.25,0.008204272208061823,0.019570585977236717,0.009858794905738717,0.009711791071498,0.012286742673613217,0.004082470465551394,-0.0175643671912014,9.467997224865993,-0.012237750335802053
2006,0.25,0.025904239552921572,0.021389396398073853,0.01578191494284101,0.005607481455232842,0.01718378530664922,-0.008720454246272352,-0.029181400752986114,9.267149145707757,-0.03738567296104794
2007,0.25,0.02939411169956745,0.025179684451860383,0.01801127906211194,0.0071684053897484445,0.01980338040954905,-0.0095907312900184,-0.004472798110389337,9.162206782078325,-0.03037703766331091
2008,0.25,0.005207650911926494,0.014448596882326841,0.007810549199075685,0.006638047683251156,0.009470061119888474,0.00426241020796198,0.10414606919699738,9.5863453685674,0.07475195749742994
2009,0.25,-0.0031411366341472288,0.005100509702614959,0.005174044483309164,-7.353478069420556e-05,0.0051556607881356135,0.008296797422282842,0.0465149924265803,9.771737230118562,0.0413073415146538
2010,0.25,-0.01877295323139794,0.015187257401284692,0.002126833070473666,0.013060424330811025,0.005391939153176422,0.024164892384574362,0.00308308905683561,9.761453270707365,0.0062242256909828386
2011,0.25,-0.01500765090620661,0.012666235605159105,0.0015068052148380733,0.011159430390321032,0.004296662812418331,0.01930431371862494,0.014988151631239795,9.809254355395103,0.03376110486263774
1920,0.5,0.004832438712107395,0.020152915521359022,0.019684221813812994,0.0004686937075460279,0.01991856866758601,0.015086129955478613,-0.08174536598285798,9.157631533214392,-0.05074698346284943
1921,0.5,0.048736530200716555,0.028259900629850544,0.03673477222419337,-0.008474871594342827,0.03249733642702196,-0.016239193773694593,-0.08269438385576927,8.677205505656683,-0.08752682256787667
1922,0.5,0.07639096133654692,0.029646035036128233,0.04394517078845067,-0.014299135752322438,0.03679560291228945,-0.039595358424257474,-0.000501338698453202,8.521423756056546,-0.04923786889916976
1923,0.5,0.04460905868015739,0.024432340687038843,0.0307990667904263,-0.006366726103387458,0.027615703738732574,-0.016993354941424815,0.10584151463448399,8.859215760885595,0.029450553297937068
1924,0.5,0.02051446122964303,0.018583018451031642,0.021608975394846946,-0.0030259569438153035,0.020095996922939292,-0.00041846430670373913,0.08671470206265394,9.1505905525508,0.04210564338249655
1925,0.5,0.02508481579960746,0.018144459919865557,0.021493998335545626,-0.0033495384156800694,0.01981922912770559,-0.00526558667190187,0.022351817900021415,9.161577079975297,0.001837356670378383
1926,0.5,0.01578320288464878,0.014245147057413813,0.016196470684463726,-0.0019513236270499133,0.01522080887093877,-0.0005623940137100113,0.0573495904994278,9.346920380888477,0.03226477469982034
1927,0.5,0.03319620395239105,0.013838544264353433,0.020111049327937985,-0.006272505063584552,0.01697479679614571,-0.01622140715624534,0.0005804113101966768,9.275595508080288,-0.015202791574452104
1928,0.5,0.04134794495677187,0.014479678878577432,0.020225517565587763,-0.00574583868701033,0.0173525982220826,-0.02399534673468927,0.013848265012716049,9.260334546132535,-0.019347938939675
1929,0.5,0.049994080271853356,0.01637623782514116,0.02087912237447305,-0.004502884549331891,0.018627680099807104,-0.031366400172046255,0.0068199953383673295,9.209093782038284,-0.03452794961840454
1930,0.5,0.025512326132067744,0.012270971177319012,0.013524590669008801,-0.0012536194916897888,0.012897780923163907,-0.012614545208903837,0.06566495980249507,9.44259831853875,0.01567087953064171
1931,0.5,0.0367915906789361,0.01732133267130944,0.0207706633809069,-0.003449330709597461,0.019045998026108173,-0.017745592652827928,-0.03900914645216452,9.192371811562603,-0.06452147258423227
1932,0.5,0.058144206859451604,0.022619220918875242,0.03317920391347532,-0.010559982994600078,0.02789921241617528,-0.030244994443276323,-0.053482825984798005,8.848494187506592,-0.0902744166637341
1933,0.5,0.04371198248749594,0.01971791322667832,0.028314417804173535,-0.008596504577495216,0.024016165515425927,-0.019695816972070016,0.05837528344652207,8.996992871271555,0.00023107658707046536
1934,0.5,-0.005789159099856583,0.01051114949402521,0.007472252005866474,0.003038897488158736,0.008991700749945843,0.014780859849802427,0.1441667031396408,9.60665344875425,0.10045472065214486
1935,0.5,-0.011253323943276947,0.006833909772880755,0.005394892887802745,0.0014390168850780104,0.00611440133034175,0.017367725273618698,0.03375561972278002,9.730103165885108,0.0395447788226366
1936,0.5,-0.016836498639662148,0.004558220826300023,8.940730170581088e-05,0.004468813524594212,0.002323814064002917,0.019160312703665066,0.03920661922477017,9.896193666375293,0.05045994316804712
1937,0.5,-0.00971172824719689,0.005804408892496369,0.0009762991461380587,0.00482810974635831,0.0033903540193172136,0.013102082266514103,-0.007164331931400314,9.849058966877184,0.009672166708261834
1938,0.5,-0.015064263766582504,0.0037599915174790326,0.0019891265399774333,0.0017708649775015992,0.002874559028728233,0.017938822795310738,0.007954654305858965,9.871814360851985,0.017666382553055856
1939,0.5,0.003639916825013417,0.005385255953854275,0.00708278350323865,-0.0016975275493843747,0.006234019728546463,0.002594102903533046,-0.026929952652637,9.724926278466642,-0.011865688886054496
1940,0.5,-0.007300737158120591,0.002130141844677559,0.0023098767218390644,-0.0001797348771615053,0.002220009283258312,0.009520746441378902,0.04125596494468064,9.900798207940584,0.03761604811966722
1941,0.5,-0.010363304419649241,-0.0008687831932387702,0.0014675370399877276,-0.002336320233226498,0.00029937692337447873,0.010662681343023719,0.01931517035022503,9.986540801181182,0.02661590750834562
1942,0.5,-0.04336977796443498,-0.0014373772843126187,-0.006205406171008476,0.004768028886695857,-0.003821391727660547,0.03954838623677443,0.03733083253812908,10.17406253108019,0.04769413695777832
1943,0.5,-0.03959234941788579,-0.0008196807332699028,-0.004897915512045649,0.004078234778775746,-0.002858798122657776,0.03673355129522801,-0.01265228565197388,10.129818457350124,0.0307174923124611
1944,0.5,-0.01703438240889127,0.002917071479776205,0.0025270692064361692,0.0003900022733400359,0.002722070343106187,0.019756452751997455,-0.053811114049432875,9.878555939775762,-0.014218764631547087
1945,0.5,-0.01424001540817395,0.0022512620620919015,0.0025443721528390735,-0.000293110090747172,0.0023978171074654875,0.016637832515639436,0.0056009708343954315,9.892912905903424,0.0226353532432867
1946,0.5,-0.013944594758884276,0.000523457432449758,9.423655343754976e-05,0.0004292208790122083,0.00030884699294365394,0.01425344175182793,0.020974846398943252,9.986115467952715,0.0352148618071172
1947,0.5,-0.06754998240280023,-0.008058327892328559,-0.016680308306599542,0.008621980414270983,-0.01236931809946405,0.05518066430333618,0.11423630243508669,10.579075791489348,0.12818089719397097
1948,0.5,-0.03236359019581071,-0.0009988092409240236,-0.0030173643761172665,0.002018555135193243,-0.002008086808520645,0.030355503387290067,-0.11162033792856196,10.090941268488615,-0.04407035552576173
1949,0.5,-0.008656086831278983,0.0012365650115791736,0.004917392493877062,-0.0036808274822978885,0.003076978752728118,0.0117330655840071,-0.048236119172247245,9.862875342246477,-0.015872528976436533
1950,0.5,0.008370698909247958,0.004536895101946253,0.010818394535036514,-0.006281499433090261,0.007677644818491383,-0.0006930540907565744,-0.037698151079435235,9.662755272451191,-0.029042064248156252
1951,0.5,-0.014287985434121922,0.0019871306131706776,0.0024715567125919726,-0.000484426099421295,0.0022293436628813253,0.016517329097003246,0.05487494438015433,9.90038403264676,0.04650424547090637
1952,0.5,-0.011896001937892756,0.0030183724635040148,0.0031889861449060724,-0.00017061368140205762,0.0031036793042050438,0.014999681242097801,-0.005552579318330263,9.861697077593305,0.008735406115791659
1953,0.5,0.009667610127166767,0.007700375614145775,0.01100484624959968,-0.003304470635453905,0.009352610931872727,-0.00031499919529403946,-0.052272459838778054,9.591325885999865,-0.0403764579008853
1954,0.5,0.0020565240556011423,0.004294456570319533,0.008079248331570702,-0.003784791761251169,0.006186852450945118,0.004130328395343975,0.03655067371788972,9.726967134535244,0.026883063590722952
1955,0.5,0.007951308299700444,0.006509837899662394,0.008592552439044856,-0.0020827145393824617,0.007551195169353625,-0.00040011313034681896,-0.005719721612848394,9.668178379783871,-0.007776245668449536
1956,0.5,0.017258603202984946,0.00862091108312383,0.01115864065898767,-0.00253772957586384,0.009889775871055748,-0.007368827331929197,-0.012720039508520506,9.568577233644055,-0.020671347808220948
1957,0.5,0.01356513894971837,0.012418141936726468,0.012107968233747001,0.0003101737029794667,0.012263055085236734,-0.0013020838644816363,-0.010445850372656107,9.468983803354147,-0.027704453575641053
1958,0.5,0.0011006947568202655,0.008888836241450933,0.008502118020683463,0.0003867182207674697,0.008695477131067199,0.007594782374246933,0.04247681499630186,9.619259847257386,0.02891167604658349
1959,0.5,0.017054502555032974,0.018575720235593812,0.014886744288621676,0.0036889759469721367,0.016731232262107744,-0.0003232702929252297,-0.06056678441230309,9.285453205990521,-0.06166747916912336
1960,0.5,0.022362588566918456,0.0253016611154088,0.018789164355496137,0.006512496759912664,0.02204541273545247,-0.00031717583146598574,-0.027299161377978526,9.07374126719574,-0.0443536639330115
1961,0.5,0.01055122863674757,0.017093862439163946,0.012231209642442037,0.004862652796721909,0.014662536040802992,0.004111307404055421,0.08165284897566165,9.36978690745057,0.05929026040874319
1962,0.5,0.017855158333728947,0.019835758985576265,0.014415469180944631,0.005420289804631634,0.017125614083260448,-0.0007295442504684987,-0.005952902310986413,9.269499053495746,-0.016504130947733984
1963,0.5,0.016372295231609456,0.01701460289866418,0.013621665288610155,0.0033929376100540268,0.015318134093637168,-0.0010541611379722877,0.03207256814666265,9.34294216943495,0.014217409812933703
1964,0.5,0.02086494502318951,0.02008902121682453,0.015253960728016389,0.00483506048880814,0.017671490972420458,-0.0031934540507690505,-0.004315786250093767,9.247481154139415,-0.020688081481703223
1965,0.5,0.026996549065538743,0.02070332362161932,0.016768241023803022,0.003935082597816299,0.01873578232271117,-0.008260766742827573,0.008893768118384215,9.204768286684487,-0.011971176904805293
1966,0.5,0.032689068829857,0.02413036432601617,0.019472213407636996,0.004658150918379175,0.021801288866826585,-0.010887779963030413,-0.0064159885530707395,9.083314019770564,-0.03341253761860948
1967,0.5,0.027922503621807832,0.022893820557165052,0.018773279467312404,0.004120541089852648,0.02083355001223873,-0.007088953609569102,0.02962382591759327,9.121405154305396,-0.0030652429122637256
1968,0.5,0.035357642421865204,0.032194796378223894,0.024025401506409323,0.008169394871814572,0.028110098942316607,-0.007247543479548597,-0.03826225197405117,8.840531201883026,-0.066184755595859
1969,0.5,0.046628171101126374,0.035988902591954,0.0288529035511145,0.007135999040839502,0.03242090307153425,-0.014207268029592122,-0.005688895338020528,8.680013195395139,-0.04104653775988573
1970,0.5,0.050949717025228554,0.05146790715925091,0.037359467708226804,0.014108439451024107,0.04441368743373886,-0.006536029591489696,-0.05968383907972563,8.255229736061379,-0.10631201018085201
1971,0.5,0.02111892219435997,0.03735961211350569,0.023630711624628757,0.013728900488876934,0.030495161869067224,0.009376239674707253,0.14539578799267497,8.751192094196114,0.09444607096744642
1972,0.5,0.019796834380966345,0.03602719902919935,0.022411862322943184,0.013615336706256163,0.029219530676071265,0.009422696295104921,0.04038282428732748,8.798810343390638,0.019263902092967508
1973,0.5,0.050418826218555514,0.04074322668018523,0.032608357415573865,0.008134869264611364,0.036675792047879546,-0.013743034170675968,-0.028930437633411243,8.525710429125708,-0.048727272014377584
1974,0.5,0.0593258733667814,0.04253595950881196,0.03820336350978082,0.004332595999031144,0.04036966150929639,-0.018956211857485007,0.008876800118265804,8.394988921092366,-0.04154202610028971
1975,0.5,0.011831724608582922,0.045204882713704125,0.02813945019864513,0.017065432515058994,0.03667216645617463,0.02484044184759171,0.0677125964629256,8.525840197207302,0.008386723096144202
1976,0.5,0.016504021669320634,0.05056350177448095,0.02988163824150846,0.020681863532972487,0.0402225700079947,0.023718548338674067,0.00995239668957959,8.400137848024144,-0.0018793279190033318
1977,0.5,0.020119801886978317,0.046874134827731666,0.029430608110415684,0.017443526717315982,0.03815237146907367,0.018032569582095356,0.05554232456878849,8.473100059945146,0.03903830289946786
1978,0.5,0.036847046587189736,0.05274328324406013,0.03804388766699403,0.0146993955770661,0.045393585455527075,0.008546538868337339,-0.015961945207166872,8.221882089914411,-0.03608174709414519
1979,0.5,0.05686150705334729,0.06188360956272444,0.0473016515132426,0.014581958049481841,0.05459263053798352,-0.0022688765153637686,-0.021040833469780362,7.918339520369248,-0.0578878800569701
1980,0.5,0.046328391129175285,0.07490261786239147,0.04930820847734025,0.02559440938505122,0.062105413169865856,0.01577702204069057,0.0026166495478883167,7.682690881714497,-0.054244857505458974
1981,0.5,0.10368943996002386,0.09118840334617684,0.07190601435392188,0.019282388992254956,0.08154720885004936,-0.0221422311099745,-0.06781809754625279,7.119957483113439,-0.11414648867542806
1982,0.5,0.09020060012374534,0.111034813026539,0.07684111722619948,0.03419369580033953,0.09393796512636923,0.0037373650026238936,0.005716307255350772,6.793715759788047,-0.09797313270467309
1983,0.5,0.062085423103779534,0.07736788736450682,0.05494051162388856,0.02242737574061826,0.0661541994941977,0.004068776390418159,0.254909205935739,7.5600493462878084,0.16470860581199367
1984,0.5,0.07801466453946854,0.08828624920553933,0.06279078003860969,0.025495469166929643,0.0755385146220745,-0.0024761499173940327,0.004592629174210605,7.286966023017112,-0.05749279392956893
1985,0.5,0.05227111403881514,0.08558954745242178,0.054130267944836455,0.03145927950758533,0.06985990769862913,0.017588793659813987,0.11123972340784538,7.450380660578021,0.033225058868376844
1986,0.5,0.04318704307946519,0.06582293767581954,0.04304300164896709,0.022779936026852445,0.05443296966239332,0.011245926582928126,0.16936953045949998,7.923464551504969,0.11709841642068484
1987,0.5,0.04349887242720021,0.04798356386003747,0.03484381693004132,0.01313974692999615,0.04141369039503939,-0.0020851820321608136,0.1445714881560618,8.358575877283723,0.10138444507659661
1988,0.5,0.04379330376958887,0.06066154811584148,0.04010508305853837,0.02055646505730311,0.05038331558718992,0.006590011817601049,-0.024589977172195854,8.055129665584234,-0.06808884959939607
1989,0.5,0.05915448939143162,0.06452811756774267,0.04547605178240301,0.01905206578533966,0.05500208467507284,-0.004152404716358783,0.017797300776783764,7.905218887152061,-0.025996002992805106
1990,0.5,0.05040771655283857,0.05629025335951207,0.038992758400784575,0.017297494958727497,0.04764150588014832,-0.002766210672690249,0.10582849239015657,8.146130762601736,0.04667400299872495
1991,0.5,0.031006694799008208,0.05430161119748641,0.033166243065063966,0.021135368132422443,0.04373392713127519,0.012727232332266983,0.07556557458475943,8.278480738755665,0.02515785803192086
1992,0.5,0.013747882119848787,0.04629343682107388,0.023441840159211157,0.022851596661862726,0.034867638490142516,0.02111975637029373,0.1082670382300075,8.590788941303286,0.07726034343099929
1993,0.5,0.009831529711302859,0.04236865792029418,0.020645872433396058,0.02172278548689812,0.031507265176845115,0.021675735465542256,0.06037552307537111,8.713677374184831,0.046627640955522326
1994,0.5,0.01916543174243665,0.034456967968153604,0.02011468336119246,0.014342284606961145,0.02728582566467303,0.008120393922236381,0.06407008762837674,8.871714635950546,0.05423855791707388
1995,0.5,0.03936816888559248,0.053516707751985214,0.03350109955032176,0.020015608201663454,0.04350890365115349,0.0041407347655610036,-0.10041761476167232,8.286198911363073,-0.11958304650410898
1996,0.5,0.03262504279561759,0.03364079602688686,0.02275024878685514,0.01089054724003172,0.028195522406871003,-0.00442952038874659,0.1550852454025322,8.837308606862933,0.11571707651693973
1997,0.5,0.030612471521028563,0.04192128123043326,0.024247288746598827,0.017673992483834434,0.033084284988516045,0.0024718134674874825,-0.010119218651165163,8.655688709445025,-0.042744261446782755
1998,0.5,0.035804452311604965,0.03311886290044132,0.021482678477372213,0.011636184423069105,0.027300770688906767,-0.008503681622698198,0.07736107011294868,8.871147825530954,0.04674859859192012
1999,0.5,0.032642888679603146,0.025375475467149612,0.01619745944610986,0.00917801602103975,0.020786467456629737,-0.01185642122297341,0.07857581441049338,9.123264232583752,0.04277136209888842
2000,0.5,0.04083353119240325,0.04306482306112104,0.02458827785597913,0.01847654520514191,0.033826550458550084,-0.007006980733853169,-0.08514157238279316,8.628589498101155,-0.1177844610623963
2001,0.5,0.019439581635660765,0.028468883304779417,0.014102314437512526,0.014366568867266892,0.02128559887114597,0.0018460172354852061,0.12949632203441608,9.10358350123497,0.08866279084201283
2002,0.5,-0.0005342731492362085,0.02846419777744644,0.009631089514200917,0.018833108263245524,0.01904764364582368,0.019581916795059887,0.0394210559115703,9.19230611520342,0.019981474275909537
2003,0.5,-0.010277339366436196,0.01848068474380955,0.005068202517243112,0.013412482226566437,0.011774443630526332,0.022051782996962525,0.07863192460824175,9.489367010594249,0.07916619775747796
2004,0.5,-0.005326616855399346,0.019750539613929807,0.005652298343966372,0.014098241269963434,0.012701418978948088,0.018028035834347436,0.0039050096880005603,9.450749846412279,0.014182349054436756
2005,0.5,0.008204272208061823,0.019570585977236717,0.009858794905738717,0.009711791071498,0.014714690441487717,0.006510418233425894,-0.004312234523894898,9.367647308217258,0.0010143823315044483
2006,0.5,0.025904239552921572,0.021389396398073853,0.01578191494284101,0.005607481455232842,0.018585655670457432,-0.00731858388246414,-0.017676181336903324,9.210776093874513,-0.025880453544965147
2007,0.5,0.02939411169956745,0.025179684451860383,0.01801127906211194,0.0071684053897484445,0.02159548175698616,-0.007798629942581289,-0.006127352407532538,9.091395579109856,-0.03203159196045411
2008,0.5,0.005207650911926494,0.014448596882326841,0.007810549199075685,0.006638047683251156,0.011129573040701262,0.005921922128774768,0.1062792892753011,9.516364675523285,0.07688517757573365
2009,0.5,-0.0031411366341472288,0.005100509702614959,0.005174044483309164,-7.353478069420556e-05,0.005137277092962062,0.008278413727109291,0.06216215057530871,9.772538018893874,0.056954499663382216
2010,0.5,-0.01877295323139794,0.015187257401284692,0.002126833070473666,0.013060424330811025,0.00865704523587918,0.02742999846727712,-0.025740022758469837,9.620897116830974,-0.022598886124322606
2011,0.5,-0.01500765090620661,0.012666235605159105,0.0015068052148380733,0.011159430390321032,0.0070865204099985896,0.0220941713162052,0.02219637817922463,9.68814424159494,0.040969331410622575
1920,0.75,0.004832438712107395,0.020152915521359022,0.019684221813812994,0.0004686937075460279,0.020035742094472515,0.01520330338236512,-0.06698665298838437,9.152980803947633,-0.03598827046837582
1921,0.75,0.048736530200716555,0.028259900629850544,0.03673477222419337,-0.008474871594342827,0.03037861852843625,-0.018357911672280305,-0.06428953092923614,8.75552698560128,-0.06912196964134354
1922,0.75,0.07639096133654692,0.029646035036128233,0.04394517078845067,-0.014299135752322438,0.033220818974208845,-0.04317014236233808,0.008335856272758901,8.650694704885275,-0.04040067392795765
1923,0.75,0.04460905868015739,0.024432340687038843,0.0307990667904263,-0.006366726103387458,0.026024022212885706,-0.018585036467271682,0.08828131384819926,8.91976015213056,0.011890352511652338
1924,0.75,0.02051446122964303,0.018583018451031642,0.021608975394846946,-0.0030259569438153035,0.019339507686985467,-0.0011749535426575641,0.07896377399144833,9.180664992838068,0.03435471531129094
1925,0.75,0.02508481579960746,0.018144459919865557,0.021493998335545626,-0.0033495384156800694,0.018981844523785575,-0.006102971275821885,0.02226543020540253,9.194933470699425,0.0017509689757594996
1926,0.75,0.01578320288464878,0.014245147057413813,0.016196470684463726,-0.0019513236270499133,0.014732977964176292,-0.0010502249204724888,0.05380102330566319,9.366897240310092,0.028716207506055733
1927,0.75,0.03319620395239105,0.013838544264353433,0.020111049327937985,-0.006272505063584552,0.01540667053024957,-0.017789533422141478,0.00909626149228035,9.339325307454612,-0.006686941392368431
1928,0.75,0.04134794495677187,0.014479678878577432,0.020225517565587763,-0.00574583868701033,0.015916138550330014,-0.025431806406441854,0.01115805097705394,9.31855157400878,-0.022038152975337108
1929,0.75,0.049994080271853356,0.01637623782514116,0.02087912237447305,-0.004502884549331891,0.017501958962474133,-0.03249212130937922,0.002724409664793287,9.254311177068391,-0.03862353529197858
1930,0.75,0.025512326132067744,0.012270971177319012,0.013524590669008801,-0.0012536194916897888,0.01258437605024146,-0.012927950081826284,0.058093218559076815,9.455613398860905,0.008099138287223459
1931,0.75,0.0367915906789361,0.01732133267130944,0.0207706633809069,-0.003449330709597461,0.018183665348708807,-0.018607925330227294,-0.03476104956597752,9.226890793676755,-0.060273375698045265
1932,0.75,0.058144206859451604,0.022619220918875242,0.03317920391347532,-0.010559982994600078,0.025259216667525262,-0.03288499019192634,-0.04002612265624972,8.949065126576798,-0.07681771333518582
1933,0.75,0.04371198248749594,0.01971791322667832,0.028314417804173535,-0.008596504577495216,0.021867039371052124,-0.02184494311644382,0.05222385491808543,9.080734334370819,-0.005920351941366177
1934,0.75,-0.005789159099856583,0.01051114949402521,0.007472252005866474,0.003038897488158736,0.009751425121985527,0.01554058422184211,0.1197700994154769,9.574428973066775,0.07605811692798095
1935,0.75,-0.011253323943276947,0.006833909772880755,0.005394892887802745,0.0014390168850780104,0.006474155551611252,0.017727479494888197,0.037852140278752805,9.714545369816122,0.04364129937860939
1936,0.75,-0.016836498639662148,0.004558220826300023,8.940730170581088e-05,0.004468813524594212,0.00344101744515147,0.020277516084813617,0.03290657519327318,9.846827838701907,0.04415989913655013
1937,0.75,-0.00971172824719689,0.005804408892496369,0.0009762991461380587,0.00482810974635831,0.004597381455906792,0.014309109703103683,-0.006789135876871702,9.796097191066655,0.010047362762790446
1938,0.75,-0.015064263766582504,0.0037599915174790326,0.0019891265399774333,0.0017708649775015992,0.0033172752731036328,0.018381539039686135,0.015857319854728717,9.852278484377715,0.025569048101925607
1939,0.75,0.003639916825013417,0.005385255953854275,0.00708278350323865,-0.0016975275493843747,0.005809637841200369,0.0021697210161869523,-0.0187458122637275,9.743310483806866,-0.003681548497144995
1940,0.75,-0.007300737158120591,0.002130141844677559,0.0023098767218390644,-0.0001797348771615053,0.0021750755639679356,0.009475812722088526,0.037587744303775664,9.902792301839234,0.033947827478762245
1941,0.75,-0.010363304419649241,-0.0008687831932387702,0.0014675370399877276,-0.002336320233226498,-0.0002847031349321456,0.010078601284717095,0.024073974428763707,10.012823199323895,0.0313747115868843
1942,0.75,-0.04336977796443498,-0.0014373772843126187,-0.006205406171008476,0.004768028886695857,-0.0026293845059865827,0.0407403934584484,0.02084749552112984,10.119313665698478,0.031210799940779084
1943,0.75,-0.03959234941788579,-0.0008196807332699028,-0.004897915512045649,0.004078234778775746,-0.0018392394279638392,0.03775310998992195,-0.009834965313883778,10.08324993068085,0.03353481265055121
1944,0.75,-0.01703438240889127,0.002917071479776205,0.0025270692064361692,0.0003900022733400359,0.0028195709114411964,0.019853953320332466,-0.04415637812041985,9.874244656109996,-0.004564028702534063
1945,0.75,-0.01424001540817395,0.0022512620620919015,0.0025443721528390735,-0.000293110090747172,0.0023245395847786947,0.016564554992952646,0.007212600016682943,9.896161494573446,0.02424698242557421
1946,0.75,-0.013944594758884276,0.000523457432449758,9.423655343754976e-05,0.0004292208790122083,0.000416152212696706,0.014360746971580981,0.01930186184102469,9.981297804654147,0.03354187724919864
1947,0.75,-0.06754998240280023,-0.008058327892328559,-0.016680308306599542,0.008621980414270983,-0.010213822995896304,0.057336159406903925,0.09588712521716111,10.474854627723806,0.10983171997604539
1948,0.75,-0.03236359019581071,-0.0009988092409240236,-0.0030173643761172665,0.002018555135193243,-0.0015034480247223343,0.03086014217108838,-0.0927433596007336,10.06797841204521,-0.025193377197933367
1949,0.75,-0.008656086831278983,0.0012365650115791736,0.004917392493877062,-0.0036808274822978885,0.0021567718821536457,0.010812858713432629,-0.03469424312361185,9.903604755339886,-0.002330652927801137
1950,0.75,0.008370698909247958,0.004536895101946253,0.010818394535036514,-0.006281499433090261,0.006107269960218818,-0.0022634289490291396,-0.03301690159166851,9.730411923152602,-0.024360814760389524
1951,0.75,-0.014287985434121922,0.0019871306131706776,0.0024715567125919726,-0.000484426099421295,0.0021082371380260014,0.016396222572147925,0.04102047379216958,9.905759543452204,0.032649774882921624
1952,0.75,-0.011896001937892756,0.0030183724635040148,0.0031889861449060724,-0.00017061368140205762,0.0030610258838545293,0.014957027821747286,-0.006377070328030265,9.863579418882782,0.007910915106091657
1953,0.75,0.009667610127166767,0.007700375614145775,0.01100484624959968,-0.003304470635453905,0.00852649327300925,-0.0011411168541575166,-0.04538257838123226,9.626461828269607,-0.03348657644333951
1954,0.75,0.0020565240556011423,0.004294456570319533,0.008079248331570702,-0.003784791761251169,0.0052406545106323255,0.003184130455031183,0.036871655930502435,9.768036133513858,0.02720404580333567
1955,0.75,0.007951308299700444,0.006509837899662394,0.008592552439044856,-0.0020827145393824617,0.00703051653450801,-0.0009207917651924344,-0.010452920388713913,9.690554529757659,-0.012509444444315055
1956,0.75,0.017258603202984946,0.00862091108312383,0.01115864065898767,-0.00253772957586384,0.009255343477089789,-0.008003259725895157,-0.012304463329272958,9.595453332424523,-0.0202557716289734
1957,0.75,0.01356513894971837,0.012418141936726468,0.012107968233747001,0.0003101737029794667,0.012340598510981602,-0.0012245404387367688,-0.017263822185355132,9.4657546964453,-0.03452242538834008
1958,0.75,0.0011006947568202655,0.008888836241450933,0.008502118020683463,0.0003867182207674697,0.008792156686259066,0.0076914619294388,0.042380836553689336,9.615142869868798,0.028815697603970965
1959,0.75,0.017054502555032974,0.018575720235593812,0.014886744288621676,0.0036889759469721367,0.017653476248850778,0.0005989736938178045,-0.06754937736103184,9.248206579142122,-0.0686500721178521
1960,0.75,0.022362588566918456,0.0253016611154088,0.018789164355496137,0.006512496759912664,0.023673536925430633,0.0013109483585121776,-0.032001227830549955,9.010268642985757,-0.04905573038558293
1961,0.75,0.01055122863674757,0.017093862439163946,0.012231209642442037,0.004862652796721909,0.01587819923998347,0.005326970603235899,0.0861162859486532,9.320096281853477,0.06375369738173474
1962,0.75,0.017855158333728947,0.019835758985576265,0.014415469180944631,0.005420289804631634,0.018480686534418356,0.0006255282006894097,-0.005774745622015159,9.214980121193758,-0.01632597425876273
1963,0.75,0.016372295231609456,0.01701460289866418,0.013621665288610155,0.0033929376100540268,0.016166368496150677,-0.00020592673545877932,0.03749276321290748,9.308372579609049,0.019637604879178535
1964,0.75,0.02086494502318951,0.02008902121682453,0.015253960728016389,0.00483506048880814,0.018880256094622495,-0.0019846889285670133,-0.006381620811133609,9.198992010237742,-0.022753916042743065
1965,0.75,0.026996549065538743,0.02070332362161932,0.016768241023803022,0.003935082597816299,0.019719552972165245,-0.007276996093373497,0.011998867701431992,9.165538453460604,-0.008866077321757516
1966,0.75,0.032689068829857,0.02413036432601617,0.019472213407636996,0.004658150918379175,0.022965826596421376,-0.009723242233435622,-0.006788019137153101,9.037779861686195,-0.03378456820269184
1967,0.75,0.027922503621807832,0.022893820557165052,0.018773279467312404,0.004120541089852648,0.02186368528470189,-0.006058818337105941,0.031824595836492664,9.080865904575141,-0.0008644729933643333
1968,0.75,0.035357642421865204,0.032194796378223894,0.024025401506409323,0.008169394871814572,0.03015244766027025,-0.0052051947615949536,-0.045116691987153734,8.763948448274732,-0.07303919560896156
1969,0.75,0.046628171101126374,0.035988902591954,0.0288529035511145,0.007135999040839502,0.03420490283174413,-0.012423268269382247,-0.0013106053799972206,8.614823954809006,-0.036668247801862425
1970,0.75,0.050949717025228554,0.05146790715925091,0.037359467708226804,0.014108439451024107,0.047940797296494884,-0.0030089197287336694,-0.07039151537916838,8.136123211104344,-0.11701968648029476
1971,0.75,0.02111892219435997,0.03735961211350569,0.023630711624628757,0.013728900488876934,0.03392738699128646,0.012808464796926489,0.14794221984222153,8.624917637856727,0.09699250281699298
1972,0.75,0.019796834380966345,0.03602719902919935,0.022411862322943184,0.013615336706256163,0.032623364852635305,0.01282653047166896,0.0438704483964433,8.672578890288632,0.02275152620208333
1973,0.75,0.050418826218555514,0.04074322668018523,0.032608357415573865,0.008134869264611364,0.03870950936403239,-0.011709316854523123,-0.014073059048755998,8.45337298663161,-0.03386989342972234
1974,0.75,0.0593258733667814,0.04253595950881196,0.03820336350978082,0.004332595999031144,0.04145281050905418,-0.017873062857727218,0.018262662715531397,8.357215990846452,-0.03215616350302412
1975,0.75,0.011831724608582922,0.045204882713704125,0.02813945019864513,0.017065432515058994,0.04093852458493938,0.029106799976356457,0.04523652313381882,8.375119554517504,-0.01408935023296258
1976,0.75,0.016504021669320634,0.05056350177448095,0.02988163824150846,0.020681863532972487,0.045393035891237825,0.02888901422191719,0.008085971144038362,8.221900736676675,-0.00374575346454456
1977,0.75,0.020119801886978317,0.046874134827731666,0.029430608110415684,0.017443526717315982,0.042513253148402666,0.02239345126142435,0.06619054100318783,8.320476907907572,0.049686519333867196
1978,0.75,0.036847046587189736,0.05274328324406013,0.03804388766699403,0.0146993955770661,0.049068434349793605,0.01222138776260387,-0.005473799463529494,8.09858129191315,-0.02559360135050781
1979,0.75,0.05686150705334729,0.06188360956272444,0.0473016515132426,0.014581958049481841,0.05823812005035398,0.0013766129970066918,-0.016023325016927825,7.802658446666972,-0.05287037160411756
1980,0.75,0.046328391129175285,0.07490261786239147,0.04930820847734025,0.02559440938505122,0.06850401551612867,0.022175624386953384,-0.01159726045249837,7.49022569152767,-0.06845876750584566
1981,0.75,0.10368943996002386,0.09118840334617684,0.07190601435392188,0.019282388992254956,0.08636780609811309,-0.017321633861910768,-0.04743601706713663,6.990199201231295,-0.0937644081963119
1982,0.75,0.09020060012374534,0.111034813026539,0.07684111722619948,0.03419369580033953,0.10248638907645412,0.012285788952708779,-0.010185716783725707,6.582050686395252,-0.11387515674374957
1983,0.75,0.062085423103779534,0.07736788736450682,0.05494051162388856,0.02242737574061826,0.07176104342935226,0.009675620325572724,0.27399682583559043,7.395053776694915,0.1837962257118451
1984,0.75,0.07801466453946854,0.08828624920553933,0.06279078003860969,0.025495469166929643,0.08191238191380693,0.0038977173743383886,0.00684268791583198,7.109998091290385,-0.055242735187947554
1985,0.75,0.05227111403881514,0.08558954745242178,0.054130267944836455,0.03145927950758533,0.07772472757552545,0.025453613536710315,0.1074989419276906,7.225511216543751,0.02948427738822207
1986,0.75,0.04318704307946519,0.06582293767581954,0.04304300164896709,0.022779936026852445,0.06012795366910643,0.016940910589641235,0.18727364090492143,7.743684316509961,0.1350025268661063
1987,0.75,0.04349887242720021,0.04798356386003747,0.03484381693004132,0.01313974692999615,0.044698627127538436,0.0011997547003382292,0.16417846108178935,8.245512149083272,0.12099141800232416
1988,0.75,0.04379330376958887,0.06066154811584148,0.04010508305853837,0.02055646505730311,0.0555224318515157,0.011729128081926832,-0.03372538149934373,7.888591645681881,-0.07722425392654395
1989,0.75,0.05915448939143162,0.06452811756774267,0.04547605178240301,0.01905206578533966,0.05976510112140775,0.0006106117299761321,0.026296415763546077,7.754955397025508,-0.017496888006042793
1990,0.75,0.05040771655283857,0.05629025335951207,0.038992758400784575,0.017297494958727497,0.051965879619830194,0.0015581630669916219,0.11244849449608646,8.003290674346339,0.05329400510465484
1991,0.75,0.031006694799008208,0.05430161119748641,0.033166243065063966,0.021135368132422443,0.049017769164380796,0.01801107436537259,0.07261235407942185,8.10026254109591,0.022204637526583276
1992,0.75,0.013747882119848787,0.04629343682107388,0.023441840159211157,0.022851596661862726,0.0405805376556082,0.026832655535759413,0.10892432799667301,8.3876153130655,0.0779176331976648
1993,0.75,0.009831529711302859,0.04236865792029418,0.020645872433396058,0.02172278548689812,0.036937961548569646,0.027106431837266787,0.0674904886829727,8.51633445777599,0.05374260656312391
1994,0.75,0.01916543174243665,0.034456967968153604,0.02011468336119246,0.014342284606961145,0.030871396816413318,0.011705965073976667,0.08253629108520483,8.737219128903583,0.07270476137390197
1995,0.75,0.03936816888559248,0.053516707751985214,0.03350109955032176,0.020015608201663454,0.04851280570156935,0.009144636815976867,-0.10562404947062554,8.117047374501903,-0.12478948121306219
1996,0.75,0.03262504279561759,0.03364079602688686,0.02275024878685514,0.01089054724003172,0.030918159216878932,-0.0017068835787386605,0.17373473827072441,8.73548469206515,0.13436656938513192
1997,0.75,0.030612471521028563,0.04192128123043326,0.024247288746598827,0.017673992483834434,0.03750278310947465,0.006890311588446087,-0.02001709810730168,8.49618601596498,-0.05264214090291927
1998,0.75,0.035804452311604965,0.03311886290044132,0.021482678477372213,0.011636184423069105,0.030209816794674042,-0.005594635516930922,0.09217221521338662,8.76181119617233,0.06155974369235805
1999,0.75,0.032642888679603146,0.025375475467149612,0.01619745944610986,0.00917801602103975,0.023080971461889675,-0.009561917217713472,0.08554256831446064,9.033295520631825,0.04973811600285567
2000,0.75,0.04083353119240325,0.04306482306112104,0.02458827785597913,0.01847654520514191,0.03844568675983556,-0.00238784443256769,-0.10034832711688227,8.462705973643793,-0.13299121579648543
2001,0.75,0.019439581635660765,0.028468883304779417,0.014102314437512526,0.014366568867266892,0.024877241087962694,0.0054376594523019295,0.13970300732838245,8.96375342026799,0.0988694761359792
2002,0.75,-0.0005342731492362085,0.02846419777744644,0.009631089514200917,0.018833108263245524,0.02375592071163506,0.024290193860871268,0.03380716007015808,9.007073950384882,0.014367578434497312
2003,0.75,-0.010277339366436196,0.01848068474380955,0.005068202517243112,0.013412482226566437,0.01512756418716794,0.025404903553604134,0.09284380947332917,9.35073407198169,0.09337808262256538
2004,0.75,-0.005326616855399346,0.019750539613929807,0.005652298343966372,0.014098241269963434,0.016225979296438948,0.021552596151838292,0.005954991708999047,9.305950046391978,0.016232331075435244
2005,0.75,0.008204272208061823,0.019570585977236717,0.009858794905738717,0.009711791071498,0.017142638209362217,0.008938366001300393,0.008612256156118298,9.268811251740988,0.013938873011517644
2006,0.75,0.025904239552921572,0.021389396398073853,0.01578191494284101,0.005607481455232842,0.019987526034265644,-0.005916713518655928,-0.0063812022471402,9.154894135731334,-0.014585474455202023
2007,0.75,0.02939411169956745,0.025179684451860383,0.01801127906211194,0.0071684053897484445,0.023387583104423272,-0.0060065285951441776,-0.007739579428314658,9.02137011277546,-0.03364381898123623
2008,0.75,0.005207650911926494,0.014448596882326841,0.007810549199075685,0.006638047683251156,0.012789084961514052,0.007581434049587558,0.1084020593482615,9.44710934859767,0.07900794764869405
2009,0.75,-0.0031411366341472288,0.005100509702614959,0.005174044483309164,-7.353478069420556e-05,0.00511889339778851,0.008260030031935739,0.07758003182499505,9.773338900539558,0.07237238091306855
2010,0.75,-0.01877295323139794,0.015187257401284692,0.002126833070473666,0.013060424330811025,0.011922151318581934,0.030695104549979875,-0.05456839396911232,9.483198557243638,-0.05142725733496509
2011,0.75,-0.01500765090620661,0.012666235605159105,0.0015068052148380733,0.011159430390321032,0.009876378007578847,0.02488402891378546,0.029276852518930863,9.569143692626934,0.0480498057503288
1920,1.0,0.004832438712107395,0.020152915521359022,0.019684221813812994,0.0004686937075460279,0.020152915521359022,0.015320476809251627,-0.05242814697317834,9.148333470694933,-0.02142976445316979
1921,1.0,0.048736530200716555,0.028259900629850544,0.03673477222419337,-0.008474871594342827,0.028259900629850544,-0.02047662957086601,-0.04590550258458784,8.834881068641025,-0.05073794129669523
1922,1.0,0.07639096133654692,0.029646035036128233,0.04394517078845067,-0.014299135752322438,0.029646035036128233,-0.04674492630041869,0.017399702411513507,8.78284746524136,-0.03133682778920305
1923,1.0,0.04460905868015739,0.024432340687038843,0.0307990667904263,-0.006366726103387458,0.024432340687038843,-0.020176717993118546,0.07022342288548183,8.980905374199729,-0.006167538451065088
1924,1.0,0.02051446122964303,0.018583018451031642,0.021608975394846946,-0.0030259569438153035,0.018583018451031642,-0.0019314427786113891,0.07111522795581468,9.210881681122375,0.02650616927565729
1925,1.0,0.02508481579960746,0.018144459919865557,0.021493998335545626,-0.0033495384156800694,0.018144459919865557,-0.006940355879741903,0.0221839706606832,9.228464598269333,0.0016695094310401684
1926,1.0,0.01578320288464878,0.014245147057413813,0.016196470684463726,-0.0019513236270499133,0.014245147057413813,-0.001538055827234968,0.05022981776612599,9.386935205017666,0.025145001966518532
1927,1.0,0.03319620395239105,0.013838544264353433,0.020111049327937985,-0.006272505063584552,0.013838544264353433,-0.019357659688037616,0.01765529833699042,9.403683515865211,0.0018720954523416405
1928,1.0,0.04134794495677187,0.014479678878577432,0.020225517565587763,-0.00574583868701033,0.014479678878577432,-0.026868266078194435,0.008450651875348603,9.377294021167346,-0.024745552077042446
1929,1.0,0.049994080271853356,0.01637623782514116,0.02087912237447305,-0.004502884549331891,0.01637623782514116,-0.0336178424467122,-0.001408353045262295,9.299847670350397,-0.04275629800203416
1930,1.0,0.025512326132067744,0.012270971177319012,0.013524590669008801,-0.0012536194916897888,0.012270971177319012,-0.013241354954748732,0.05044932564823497,9.468654085007005,0.00045524537638161333
1931,1.0,0.0367915906789361,0.01732133267130944,0.0207706633809069,-0.003449330709597461,0.01732133267130944,-0.01947025800762666,-0.03049879331952511,9.261596124178773,-0.05601111945159286
1932,1.0,0.058144206859451604,0.022619220918875242,0.03317920391347532,-0.010559982994600078,0.022619220918875242,-0.03552498594057636,-0.026447680341112445,9.0512978932472,-0.06323927102004855
1933,1.0,0.04371198248749594,0.01971791322667832,0.028314417804173535,-0.008596504577495216,0.01971791322667832,-0.023994069260817624,0.04597851342872222,9.165603641532234,-0.012165693430729381
1934,1.0,-0.005789159099856583,0.01051114949402521,0.007472252005866474,0.003038897488158736,0.01051114949402521,0.016300308593881794,0.09489669668875744,9.54235800721006,0.0511847142012615
1935,1.0,-0.011253323943276947,0.006833909772880755,0.005394892887802745,0.0014390168850780104,0.006833909772880755,0.018087233716157704,0.04192344767037443,9.69902280348337,0.047712606770231016
1936,1.0,-0.016836498639662148,0.004558220826300023,8.940730170581088e-05,0.004468813524594212,0.004558220826300023,0.02139471946596217,0.026630179812821585,9.797809148979018,0.03788350375609853
1937,1.0,-0.00971172824719689,0.005804408892496369,0.0009762991461380587,0.00482810974635831,0.005804408892496369,0.01551613713969326,-0.006405503943830659,9.743537308524811,0.010430994695831489
1938,1.0,-0.015064263766582504,0.0037599915174790326,0.0019891265399774333,0.0017708649775015992,0.0037599915174790326,0.018824255284061536,0.023679848485156807,9.832797167069739,0.0333915767323537
1939,1.0,0.003639916825013417,0.005385255953854275,0.00708278350323865,-0.0016975275493843747,0.005385255953854275,0.0017453391288408584,-0.010595639591875407,9.761743944793118,0.004468624174707097
1940,1.0,-0.007300737158120591,0.002130141844677559,0.0023098767218390644,-0.0001797348771615053,0.002130141844677559,0.00943087900279815,0.03390573228954401,9.904786962343147,0.03026581546453059
1941,1.0,-0.010363304419649241,-0.0008687831932387702,0.0014675370399877276,-0.002336320233226498,-0.0008687831932387702,0.00949452122641047,0.028834930423359315,10.039203022127868,0.0361356675814799
1942,1.0,-0.04336977796443498,-0.0014373772843126187,-0.006205406171008476,0.004768028886695857,-0.0014373772843126187,0.04193240068012236,0.00427085423316001,10.064977395418444,0.01463415865280925
1943,1.0,-0.03959234941788579,-0.0008196807332699028,-0.004897915512045649,0.004078234778775746,-0.0008196807332699028,0.03877266868461589,-0.007036782556742773,10.036981561557841,0.036332995407692206
1944,1.0,-0.01703438240889127,0.002917071479776205,0.0025270692064361692,0.0003900022733400359,0.002917071479776205,0.019951453888667474,-0.034588641582678034,9.869936028054777,0.005003707835207753
1945,1.0,-0.01424001540817395,0.0022512620620919015,0.0025443721528390735,-0.000293110090747172,0.0022512620620919015,0.016491277470265853,0.008822758421512384,9.899411588523767,0.025857140830403653
1946,1.0,-0.013944594758884276,0.000523457432449758,9.423655343754976e-05,0.0004292208790122083,0.000523457432449758,0.014468052191334034,0.01762770660583421,9.97648341327498,0.03186772201400816
1947,1.0,-0.06754998240280023,-0.008058327892328559,-0.016680308306599542,0.008621980414270983,-0.008058327892328559,0.05949165451047167,0.07755771105660896,10.37205756340358,0.09150230581549323
1948,1.0,-0.03236359019581071,-0.0009988092409240236,-0.0030173643761172665,0.002018555135193243,-0.0009988092409240236,0.03136478095488669,-0.07422054306321307,10.045088913609405,-0.0066705606604128415
1949,1.0,-0.008656086831278983,0.0012365650115791736,0.004917392493877062,-0.0036808274822978885,0.0012365650115791736,0.009892651842858157,-0.021217968110008603,9.944571833573542,0.01114562208580211
1950,1.0,0.008370698909247958,0.004536895101946253,0.010818394535036514,-0.006281499433090261,0.004536895101946253,-0.003833803807301705,-0.028283474556213425,9.798741608740038,-0.019627387724934442
1951,1.0,-0.014287985434121922,0.0019871306131706776,0.0024715567125919726,-0.000484426099421295,0.0019871306131706776,0.0162751160472926,0.026971614001823678,9.911139172174483,0.01860091509257572
1952,1.0,-0.011896001937892756,0.0030183724635040148,0.0031889861449060724,-0.00017061368140205762,0.0030183724635040148,0.014914374401396771,-0.00720240903532042,9.86546226752976,0.007085576398801502
1953,1.0,0.009667610127166767,0.007700375614145775,0.01100484624959968,-0.003304470635453905,0.007700375614145775,-0.001967234513020992,-0.03848974980496596,9.661780863529978,-0.026593747867073202
1954,1.0,0.0020565240556011423,0.004294456570319533,0.008079248331570702,-0.003784791761251169,0.004294456570319533,0.002237932514718391,0.03720170001069224,9.809350976106943,0.027534089883525476
1955,1.0,0.007951308299700444,0.006509837899662394,0.008592552439044856,-0.0020827145393824617,0.006509837899662394,-0.0014414704000380498,-0.015221615105776097,9.713004186277386,-0.01727813916137724
1956,1.0,0.017258603202984946,0.00862091108312383,0.01115864065898767,-0.00253772957586384,0.00862091108312383,-0.008637692119861116,-0.011883951585375016,9.622436859428664,-0.01983525988507546
1957,1.0,0.01356513894971837,0.012418141936726468,0.012107968233747001,0.0003101737029794667,0.012418141936726468,-0.001146997012991903,-0.02412047219273933,9.46252715977237,-0.041379075395724274
1958,1.0,0.0011006947568202655,0.008888836241450933,0.008502118020683463,0.0003867182207674697,0.008888836241450933,0.007788141484630667,0.04228498723813498,9.611028395356843,0.02871984828841661
1959,1.0,0.017054502555032974,0.018575720235593812,0.014886744288621676,0.0036889759469721367,0.018575720235593812,0.0015212176805608386,-0.07452519689464111,9.211173891307164,-0.07562589165146139
1960,1.0,0.022362588566918456,0.0253016611154088,0.018789164355496137,0.006512496759912664,0.0253016611154088,0.0029390725484903443,-0.03665214991121854,8.94743513877856,-0.05370665246625152
1961,1.0,0.01055122863674757,0.017093862439163946,0.012231209642442037,0.004862652796721909,0.017093862439163946,0.0065426338024163755,0.09053260872701732,9.270782065896586,0.06817002016009886
1962,1.0,0.017855158333728947,0.019835758985576265,0.014415469180944631,0.005420289804631634,0.019835758985576265,0.001980600651847318,-0.005583766343446844,9.160920381086603,-0.016134994980194415
1963,1.0,0.016372295231609456,0.01701460289866418,0.013621665288610155,0.0033929376100540268,0.01701460289866418,0.0006423076670547256,0.04285898919348363,9.273985876436793,0.025003830859754685
1964,1.0,0.02086494502318951,0.02008902121682453,0.015253960728016389,0.00483506048880814,0.02008902121682453,-0.0007759238063649795,-0.0084230908440531,9.150867226185742,-0.024795386075662555
1965,1.0,0.026996549065538743,0.02070332362161932,0.016768241023803022,0.003935082597816299,0.02070332362161932,-0.006293225443919422,0.015081923878615566,9.126548540681078,-0.005783021144573942
1966,1.0,0.032689068829857,0.02413036432601617,0.019472213407636996,0.004658150918379175,0.02413036432601617,-0.008558704503840827,-0.00714668901355156,8.992574306680028,-0.0341432380790903
1967,1.0,0.027922503621807832,0.022893820557165052,0.018773279467312404,0.004120541089852648,0.022893820557165052,-0.00502868306464278,0.03401353228202089,9.040585784545389,0.0013244634521638946
1968,1.0,0.035357642421865204,0.032194796378223894,0.024025401506409323,0.008169394871814572,0.032194796378223894,-0.0031628460436413097,-0.051891473412041034,8.688326718494512,-0.07981397703384886
1969,1.0,0.046628171101126374,0.035988902591954,0.0288529035511145,0.007135999040839502,0.035988902591954,-0.010639268509172371,0.003024468202396602,8.550347484838573,-0.0323331742194686
1970,1.0,0.050949717025228554,0.05146790715925091,0.037359467708226804,0.014108439451024107,0.05146790715925091,0.0005181901340223574,-0.08088296061054101,8.019548719660742,-0.1275111317116674
1971,1.0,0.02111892219435997,0.03735961211350569,0.023630711624628757,0.013728900488876934,0.03735961211350569,0.01624068991914572,0.15050177158420774,8.501286627179457,0.0995520545589792
1972,1.0,0.019796834380966345,0.03602719902919935,0.022411862322943184,0.013615336706256163,0.03602719902919935,0.016230364648233003,0.0473544245646918,8.548971142423323,0.02623550237033183
1973,1.0,0.050418826218555514,0.04074322668018523,0.032608357415573865,0.008134869264611364,0.04074322668018523,-0.009675599538370286,0.00042604238503651803,8.38193315163659,-0.019370791995929827
1974,1.0,0.0593258733667814,0.04253595950881196,0.03820336350978082,0.004332595999031144,0.04253595950881196,-0.016789913857969435,0.027509392780518338,8.31969285023459,-0.022909433438037176
1975,1.0,0.011831724608582922,0.045204882713704125,0.02813945019864513,0.017065432515058994,0.045204882713704125,0.0333731581051212,0.023000261408137657,8.2282884688022,-0.03632561195864374
1976,1.0,0.016504021669320634,0.05056350177448095,0.02988163824150846,0.020681863532972487,0.05056350177448095,0.034059480105160314,0.006471238347987351,8.049202248083992,-0.0053604862605955705
1977,1.0,0.020119801886978317,0.046874134827731666,0.029430608110415684,0.017443526717315982,0.046874134827731666,0.02675433294075335,0.07657059554951279,8.171873275902891,0.06006657388019215
1978,1.0,0.036847046587189736,0.05274328324406013,0.03804388766699403,0.0146993955770661,0.05274328324406013,0.015896236656870393,0.00478134614835779,7.97800767930569,-0.015338455738620527
1979,1.0,0.05686150705334729,0.06188360956272444,0.0473016515132426,0.014581958049481841,0.06188360956272444,0.005022102509377152,-0.011037983998939349,7.689496156206763,-0.047885030586129085
1980,1.0,0.046328391129175285,0.07490261786239147,0.04930820847734025,0.02559440938505122,0.07490261786239147,0.028574226733216183,-0.025206996415522043,7.30499164781655,-0.08206850346886933
1981,1.0,0.10368943996002386,0.09118840334617684,0.07190601435392188,0.019282388992254956,0.09118840334617684,-0.012501036613847022,-0.027779123591007315,6.864073374864394,-0.0741075147201826
1982,1.0,0.09020060012374534,0.111034813026539,0.07684111722619948,0.03419369580033953,0.111034813026539,0.020834212902793664,-0.025192399247085828,6.38062990064044,-0.1288818392071097
1983,1.0,0.062085423103779534,0.07736788736450682,0.05494051162388856,0.02242737574061826,0.07736788736450682,0.01528246426072729,0.2921840799063083,7.235487628319979,0.20198347978256295
1984,1.0,0.07801466453946854,0.08828624920553933,0.06279078003860969,0.025495469166929643,0.08828624920553933,0.010271584666070796,0.009286577183227673,6.939576640290388,-0.05279884592055186
1985,1.0,0.05227111403881514,0.08558954745242178,0.054130267944836455,0.03145927950758533,0.08558954745242178,0.03331843341360664,0.10430351594418652,7.010898949649736,0.026288851404717983
1986,1.0,0.04318704307946519,0.06582293767581954,0.04304300164896709,0.022779936026852445,0.06582293767581954,0.022635894596354345,0.20440464139673642,7.569971958721588,0.1521335273579213
1987,1.0,0.04349887242720021,0.04798356386003747,0.03484381693004132,0.01313974692999615,0.04798356386003747,0.004484691432837265,0.18302712340665983,8.134694694382645,0.13984008032719464
1988,1.0,0.04379330376958887,0.06066154811584148,0.04010508305853837,0.02055646505730311,0.06066154811584148,0.016868244346252607,-0.04246998314531408,7.727154300990398,-0.0859688555725143
1989,1.0,0.05915448939143162,0.06452811756774267,0.04547605178240301,0.01905206578533966,0.06452811756774267,0.0053736281763110474,0.034650538797406316,7.608946761330134,-0.009142764972182554
1990,1.0,0.05040771655283857,0.05629025335951207,0.038992758400784575,0.017297494958727497,0.05629025335951207,0.0058825368066734995,0.11897172354700569,7.864152023192875,0.05981723415557407
1991,1.0,0.031006694799008208,0.05430161119748641,0.033166243065063966,0.021135368132422443,0.05430161119748641,0.0232949163984782,0.06994059547938719,7.927684808698494,0.01953287892654862
1992,1.0,0.013747882119848787,0.04629343682107388,0.023441840159211157,0.022851596661862726,0.04629343682107388,0.032545554701225096,0.109779719170368,8.191433803739187,0.07877302437135979
1993,1.0,0.009831529711302859,0.04236865792029418,0.020645872433396058,0.02172278548689812,0.04236865792029418,0.03253712820899132,0.0745182244803434,8.325472383051387,0.06077034236049461
1994,1.0,0.01916543174243665,0.034456967968153604,0.02011468336119246,0.014342284606961145,0.034456967968153604,0.015291536225716953,0.10032552416796509,8.605670901896934,0.09049399445666223
1995,1.0,0.03936816888559248,0.053516707751985214,0.03350109955032176,0.020015608201663454,0.053516707751985214,0.01414853886639273,-0.11050514030346187,7.952972155901356,-0.12967057204589852
1996,1.0,0.03262504279561759,0.03364079602688686,0.02275024878685514,0.01089054724003172,0.03364079602688686,0.0010157532312692688,0.19171336854974735,8.635359535717416,0.15234519966415488
1997,1.0,0.030612471521028563,0.04192128123043326,0.024247288746598827,0.017673992483834434,0.04192128123043326,0.011308809709404698,-0.02958368563237812,8.340956383919046,-0.06220872842799571
1998,1.0,0.035804452311604965,0.03311886290044132,0.021482678477372213,0.011636184423069105,0.03311886290044132,-0.002685589411163647,0.10653945026391365,8.654423555207476,0.07592697874288509
1999,1.0,0.032642888679603146,0.025375475467149612,0.01619745944610986,0.00917801602103975,0.025375475467149612,-0.007267413212453534,0.09239003006692689,8.944601479928052,0.05658557775532193
2000,1.0,0.04083353119240325,0.04306482306112104,0.02458827785597913,0.01847654520514191,0.04306482306112104,0.0022312918687177885,-0.11515934160687752,8.301461811657985,-0.14780223028648065
2001,1.0,0.019439581635660765,0.028468883304779417,0.014102314437512526,0.014366568867266892,0.028468883304779417,0.009029301669118653,0.14963651979731,8.827007532635188,0.10880298860490674
2002,1.0,-0.0005342731492362085,0.02846419777744644,0.009631089514200917,0.018833108263245524,0.02846419777744644,0.02899847092668265,0.028505556962508977,8.827183950793323,0.009065975326848212
2003,1.0,-0.010277339366436196,0.01848068474380955,0.005068202517243112,0.013412482226566437,0.01848068474380955,0.028758024110245743,0.10660699076686506,9.214980192931412,0.10714126391610126
2004,1.0,-0.005326616855399346,0.019750539613929807,0.005652298343966372,0.014098241269963434,0.019750539613929807,0.025077156469329155,0.008048852137874124,9.164306705012622,0.01832619150431032
2005,1.0,0.008204272208061823,0.019570585977236717,0.009858794905738717,0.009711791071498,0.019570585977236717,0.011366313769174893,0.021219736296574615,9.171463356705509,0.026546353151973963
2006,1.0,0.025904239552921572,0.021389396398073853,0.01578191494284101,0.005607481455232842,0.021389396398073853,-0.004514843154847719,0.004708243270571927,9.099498448212522,-0.0034960289374898965
2007,1.0,0.02939411169956745,0.025179684451860383,0.01801127906211194,0.0071684053897484445,0.025179684451860383,-0.004214427247707066,-0.00931003581184861,8.952120547014763,-0.03521427536477018
2008,1.0,0.005207650911926494,0.014448596882326841,0.007810549199075685,0.006638047683251156,0.014448596882326841,0.009240945970400347,0.11051458640536278,9.378570932650975,0.08112047470579534
2009,1.0,-0.0031411366341472288,0.005100509702614959,0.005174044483309164,-7.353478069420556e-05,0.005100509702614959,0.008241646336762188,0.09277220840214806,9.77413987506784,0.08756455749022157
2010,1.0,-0.01877295323139794,0.015187257401284692,0.002126833070473666,0.013060424330811025,0.015187257401284692,0.03396021063268263,-0.08340202549003192,9.348292373750827,-0.0802608888558847
2011,1.0,-0.01500765090620661,0.012666235605159105,0.0015068052148380733,0.011159430390321032,0.012666235605159105,0.027673886511365715,0.036233484435939545,9.452211466241124,0.05500643766733748
