year,y_1,y_n_real_obs,y_n_real_EH,term_prem,eh_method,state_var_y1_mean,state_var_y1_lag_coeff,state_var_max_abs_eig,infl_ar1_mu,infl_ar1_phi,eh_spread
1920,0.004832438712107395,0.020152915521359022,0.019684221813812994,0.0004686937075460279,baseline_state_var,0.020226026993392984,0.8798696810275917,0.9295723156955542,0.021066761727161383,0.38836753275618896,0.0148517831017056
1921,0.048736530200716555,0.028259900629850544,0.03673477222419337,-0.008474871594342827,baseline_state_var,0.020226026993392984,0.8798696810275917,0.9295723156955542,0.021066761727161383,0.38836753275618896,-0.012001757976523184
1922,0.07639096133654692,0.029646035036128233,0.04394517078845067,-0.014299135752322438,baseline_state_var,0.020226026993392984,0.8798696810275917,0.9295723156955542,0.021066761727161383,0.38836753275618896,-0.03244579054809625
1923,0.04460905868015739,0.024432340687038843,0.0307990667904263,-0.006366726103387458,baseline_state_var,0.020226026993392984,0.8798696810275917,0.9295723156955542,0.021066761727161383,0.38836753275618896,-0.013809991889731088
1924,0.02051446122964303,0.018583018451031642,0.021608975394846946,-0.0030259569438153035,baseline_state_var,0.020226026993392984,0.8798696810275917,0.9295723156955542,0.021066761727161383,0.38836753275618896,0.0010945141652039143
1925,0.02508481579960746,0.018144459919865557,0.021493998335545626,-0.0033495384156800694,baseline_state_var,0.020226026993392984,0.8798696810275917,0.9295723156955542,0.021066761727161383,0.38836753275618896,-0.0035908174640618337
1926,0.01578320288464878,0.014245147057413813,0.016196470684463726,-0.0019513236270499133,baseline_state_var,0.020226026993392984,0.8798696810275917,0.9295723156955542,0.021066761727161383,0.38836753275618896,0.0004132677998149453
1927,0.03319620395239105,0.013838544264353433,0.020111049327937985,-0.006272505063584552,baseline_state_var,0.020226026993392984,0.8798696810275917,0.9295723156955542,0.021066761727161383,0.38836753275618896,-0.013085154624453064
1928,0.04134794495677187,0.014479678878577432,0.020225517565587763,-0.00574583868701033,baseline_state_var,0.020226026993392984,0.8798696810275917,0.9295723156955542,0.021066761727161383,0.38836753275618896,-0.021122427391184105
1929,0.049994080271853356,0.01637623782514116,0.02087912237447305,-0.004502884549331891,baseline_state_var,0.020226026993392984,0.8798696810275917,0.9295723156955542,0.021066761727161383,0.38836753275618896,-0.029114957897380306
1930,0.025512326132067744,0.012270971177319012,0.013524590669008801,-0.0012536194916897888,baseline_state_var,0.020226026993392984,0.8798696810275917,0.9295723156955542,0.021066761727161383,0.38836753275618896,-0.011987735463058943
1931,0.0367915906789361,0.01732133267130944,0.0207706633809069,-0.003449330709597461,baseline_state_var,0.020226026993392984,0.8798696810275917,0.9295723156955542,0.021066761727161383,0.38836753275618896,-0.0160209272980292
1932,0.058144206859451604,0.022619220918875242,0.03317920391347532,-0.010559982994600078,baseline_state_var,0.020226026993392984,0.8798696810275917,0.9295723156955542,0.021066761727161383,0.38836753275618896,-0.024965002945976283
1933,0.04371198248749594,0.01971791322667832,0.028314417804173535,-0.008596504577495216,baseline_state_var,0.020226026993392984,0.8798696810275917,0.9295723156955542,0.021066761727161383,0.38836753275618896,-0.015397564683322408
1934,-0.005789159099856583,0.01051114949402521,0.007472252005866474,0.003038897488158736,baseline_state_var,0.020226026993392984,0.8798696810275917,0.9295723156955542,0.021066761727161383,0.38836753275618896,0.013261411105723058
1935,-0.011253323943276947,0.006833909772880755,0.005394892887802745,0.0014390168850780104,baseline_state_var,0.020226026993392984,0.8798696810275917,0.9295723156955542,0.021066761727161383,0.38836753275618896,0.01664821683107969
1936,-0.016836498639662148,0.004558220826300023,8.940730170581088e-05,0.004468813524594212,baseline_state_var,0.020226026993392984,0.8798696810275917,0.9295723156955542,0.021066761727161383,0.38836753275618896,0.016925905941367957
1937,-0.00971172824719689,0.005804408892496369,0.0009762991461380587,0.00482810974635831,baseline_state_var,0.020226026993392984,0.8798696810275917,0.9295723156955542,0.021066761727161383,0.38836753275618896,0.010688027393334949
1938,-0.015064263766582504,0.0037599915174790326,0.0019891265399774333,0.0017708649775015992,baseline_state_var,0.020226026993392984,0.8798696810275917,0.9295723156955542,0.021066761727161383,0.38836753275618896,0.01705339030655994
1939,0.003639916825013417,0.005385255953854275,0.00708278350323865,-0.0016975275493843747,baseline_state_var,0.020226026993392984,0.8798696810275917,0.9295723156955542,0.021066761727161383,0.38836753275618896,0.003442866678225233
1940,-0.007300737158120591,0.002130141844677559,0.0023098767218390644,-0.0001797348771615053,baseline_state_var,0.020226026993392984,0.8798696810275917,0.9295723156955542,0.021066761727161383,0.38836753275618896,0.009610613879959656
1941,-0.010363304419649241,-0.0008687831932387702,0.0014675370399877276,-0.002336320233226498,baseline_state_var,0.020226026993392984,0.8798696810275917,0.9295723156955542,0.021066761727161383,0.38836753275618896,0.011830841459636969
1942,-0.04336977796443498,-0.0014373772843126187,-0.006205406171008476,0.004768028886695857,baseline_state_var,0.020226026993392984,0.8798696810275917,0.9295723156955542,0.021066761727161383,0.38836753275618896,0.03716437179342651
1943,-0.03959234941788579,-0.0008196807332699028,-0.004897915512045649,0.004078234778775746,baseline_state_var,0.020226026993392984,0.8798696810275917,0.9295723156955542,0.021066761727161383,0.38836753275618896,0.034694433905840136
1944,-0.01703438240889127,0.002917071479776205,0.0025270692064361692,0.0003900022733400359,baseline_state_var,0.020226026993392984,0.8798696810275917,0.9295723156955542,0.021066761727161383,0.38836753275618896,0.01956145161532744
1945,-0.01424001540817395,0.0022512620620919015,0.0025443721528390735,-0.000293110090747172,baseline_state_var,0.020226026993392984,0.8798696810275917,0.9295723156955542,0.021066761727161383,0.38836753275618896,0.016784387561013022
1946,-0.013944594758884276,0.000523457432449758,9.423655343754976e-05,0.0004292208790122083,baseline_state_var,0.020226026993392984,0.8798696810275917,0.9295723156955542,0.021066761727161383,0.38836753275618896,0.014038831312321826
1947,-0.06754998240280023,-0.008058327892328559,-0.016680308306599542,0.008621980414270983,baseline_state_var,0.020226026993392984,0.8798696810275917,0.9295723156955542,0.021066761727161383,0.38836753275618896,0.05086967409620069
1948,-0.03236359019581071,-0.0009988092409240236,-0.0030173643761172665,0.002018555135193243,baseline_state_var,0.020226026993392984,0.8798696810275917,0.9295723156955542,0.021066761727161383,0.38836753275618896,0.029346225819693445
1949,-0.008656086831278983,0.0012365650115791736,0.004917392493877062,-0.0036808274822978885,baseline_state_var,0.020226026993392984,0.8798696810275917,0.9295723156955542,0.021066761727161383,0.38836753275618896,0.013573479325156046
1950,0.008370698909247958,0.004536895101946253,0.010818394535036514,-0.006281499433090261,baseline_state_var,0.020226026993392984,0.8798696810275917,0.9295723156955542,0.021066761727161383,0.38836753275618896,0.002447695625788556
1951,-0.014287985434121922,0.0019871306131706776,0.0024715567125919726,-0.000484426099421295,baseline_state_var,0.020226026993392984,0.8798696810275917,0.9295723156955542,0.021066761727161383,0.38836753275618896,0.016759542146713893
1952,-0.011896001937892756,0.0030183724635040148,0.0031889861449060724,-0.00017061368140205762,baseline_state_var,0.020226026993392984,0.8798696810275917,0.9295723156955542,0.021066761727161383,0.38836753275618896,0.015084988082798829
1953,0.009667610127166767,0.007700375614145775,0.01100484624959968,-0.003304470635453905,baseline_state_var,0.020226026993392984,0.8798696810275917,0.9295723156955542,0.021066761727161383,0.38836753275618896,0.001337236122432913
1954,0.0020565240556011423,0.004294456570319533,0.008079248331570702,-0.003784791761251169,baseline_state_var,0.020226026993392984,0.8798696810275917,0.9295723156955542,0.021066761727161383,0.38836753275618896,0.00602272427596956
1955,0.007951308299700444,0.006509837899662394,0.008592552439044856,-0.0020827145393824617,baseline_state_var,0.020226026993392984,0.8798696810275917,0.9295723156955542,0.021066761727161383,0.38836753275618896,0.0006412441393444119
1956,0.017258603202984946,0.00862091108312383,0.01115864065898767,-0.00253772957586384,baseline_state_var,0.020226026993392984,0.8798696810275917,0.9295723156955542,0.021066761727161383,0.38836753275618896,-0.0060999625439972765
1957,0.01356513894971837,0.012418141936726468,0.012107968233747001,0.0003101737029794667,baseline_state_var,0.020226026993392984,0.8798696810275917,0.9295723156955542,0.021066761727161383,0.38836753275618896,-0.0014571707159713697
1958,0.0011006947568202655,0.008888836241450933,0.008502118020683463,0.0003867182207674697,baseline_state_var,0.020226026993392984,0.8798696810275917,0.9295723156955542,0.021066761727161383,0.38836753275618896,0.007401423263863198
1959,0.017054502555032974,0.018575720235593812,0.014886744288621676,0.0036889759469721367,baseline_state_var,0.020226026993392984,0.8798696810275917,0.9295723156955542,0.021066761727161383,0.38836753275618896,-0.002167758266411298
1960,0.022362588566918456,0.0253016611154088,0.018789164355496137,0.006512496759912664,baseline_state_var,0.020226026993392984,0.8798696810275917,0.9295723156955542,0.021066761727161383,0.38836753275618896,-0.0035734242114223193
1961,0.01055122863674757,0.017093862439163946,0.012231209642442037,0.004862652796721909,baseline_state_var,0.020226026993392984,0.8798696810275917,0.9295723156955542,0.021066761727161383,0.38836753275618896,0.0016799810056944663
1962,0.017855158333728947,0.019835758985576265,0.014415469180944631,0.005420289804631634,baseline_state_var,0.020226026993392984,0.8798696810275917,0.9295723156955542,0.021066761727161383,0.38836753275618896,-0.0034396891527843157
1963,0.016372295231609456,0.01701460289866418,0.013621665288610155,0.0033929376100540268,baseline_state_var,0.020226026993392984,0.8798696810275917,0.9295723156955542,0.021066761727161383,0.38836753275618896,-0.002750629942999301
1964,0.02086494502318951,0.02008902121682453,0.015253960728016389,0.00483506048880814,baseline_state_var,0.020226026993392984,0.8798696810275917,0.9295723156955542,0.021066761727161383,0.38836753275618896,-0.00561098429517312
1965,0.026996549065538743,0.02070332362161932,0.016768241023803022,0.003935082597816299,baseline_state_var,0.020226026993392984,0.8798696810275917,0.9295723156955542,0.021066761727161383,0.38836753275618896,-0.010228308041735721
1966,0.032689068829857,0.02413036432601617,0.019472213407636996,0.004658150918379175,baseline_state_var,0.020226026993392984,0.8798696810275917,0.9295723156955542,0.021066761727161383,0.38836753275618896,-0.013216855422220002
1967,0.027922503621807832,0.022893820557165052,0.018773279467312404,0.004120541089852648,baseline_state_var,0.020226026993392984,0.8798696810275917,0.9295723156955542,0.021066761727161383,0.38836753275618896,-0.009149224154495428
1968,0.035357642421865204,0.032194796378223894,0.024025401506409323,0.008169394871814572,baseline_state_var,0.020226026993392984,0.8798696810275917,0.9295723156955542,0.021066761727161383,0.38836753275618896,-0.011332240915455882
1969,0.046628171101126374,0.035988902591954,0.0288529035511145,0.007135999040839502,baseline_state_var,0.020226026993392984,0.8798696810275917,0.9295723156955542,0.021066761727161383,0.38836753275618896,-0.017775267550011874
1970,0.050949717025228554,0.05146790715925091,0.037359467708226804,0.014108439451024107,baseline_state_var,0.020226026993392984,0.8798696810275917,0.9295723156955542,0.021066761727161383,0.38836753275618896,-0.01359024931700175
1971,0.02111892219435997,0.03735961211350569,0.023630711624628757,0.013728900488876934,baseline_state_var,0.020226026993392984,0.8798696810275917,0.9295723156955542,0.021066761727161383,0.38836753275618896,0.0025117894302687863
1972,0.019796834380966345,0.03602719902919935,0.022411862322943184,0.013615336706256163,baseline_state_var,0.020226026993392984,0.8798696810275917,0.9295723156955542,0.021066761727161383,0.38836753275618896,0.002615027941976839
1973,0.050418826218555514,0.04074322668018523,0.032608357415573865,0.008134869264611364,baseline_state_var,0.020226026993392984,0.8798696810275917,0.9295723156955542,0.021066761727161383,0.38836753275618896,-0.01781046880298165
1974,0.0593258733667814,0.04253595950881196,0.03820336350978082,0.004332595999031144,baseline_state_var,0.020226026993392984,0.8798696810275917,0.9295723156955542,0.021066761727161383,0.38836753275618896,-0.02112250985700058
1975,0.011831724608582922,0.045204882713704125,0.02813945019864513,0.017065432515058994,baseline_state_var,0.020226026993392984,0.8798696810275917,0.9295723156955542,0.021066761727161383,0.38836753275618896,0.01630772559006221
1976,0.016504021669320634,0.05056350177448095,0.02988163824150846,0.020681863532972487,baseline_state_var,0.020226026993392984,0.8798696810275917,0.9295723156955542,0.021066761727161383,0.38836753275618896,0.013377616572187827
1977,0.020119801886978317,0.046874134827731666,0.029430608110415684,0.017443526717315982,baseline_state_var,0.020226026993392984,0.8798696810275917,0.9295723156955542,0.021066761727161383,0.38836753275618896,0.009310806223437367
1978,0.036847046587189736,0.05274328324406013,0.03804388766699403,0.0146993955770661,baseline_state_var,0.020226026993392984,0.8798696810275917,0.9295723156955542,0.021066761727161383,0.38836753275618896,0.0011968410798042922
1979,0.05686150705334729,0.06188360956272444,0.0473016515132426,0.014581958049481841,baseline_state_var,0.020226026993392984,0.8798696810275917,0.9295723156955542,0.021066761727161383,0.38836753275618896,-0.00955985554010469
1980,0.046328391129175285,0.07490261786239147,0.04930820847734025,0.02559440938505122,baseline_state_var,0.020226026993392984,0.8798696810275917,0.9295723156955542,0.021066761727161383,0.38836753275618896,0.002979817348164965
1981,0.10368943996002386,0.09118840334617684,0.07190601435392188,0.019282388992254956,baseline_state_var,0.020226026993392984,0.8798696810275917,0.9295723156955542,0.021066761727161383,0.38836753275618896,-0.03178342560610198
1982,0.09020060012374534,0.111034813026539,0.07684111722619948,0.03419369580033953,baseline_state_var,0.020226026993392984,0.8798696810275917,0.9295723156955542,0.021066761727161383,0.38836753275618896,-0.013359482897545863
1983,0.062085423103779534,0.07736788736450682,0.05494051162388856,0.02242737574061826,baseline_state_var,0.020226026993392984,0.8798696810275917,0.9295723156955542,0.021066761727161383,0.38836753275618896,-0.007144911479890971
1984,0.07801466453946854,0.08828624920553933,0.06279078003860969,0.025495469166929643,baseline_state_var,0.020226026993392984,0.8798696810275917,0.9295723156955542,0.021066761727161383,0.38836753275618896,-0.015223884500858847
1985,0.05227111403881514,0.08558954745242178,0.054130267944836455,0.03145927950758533,baseline_state_var,0.020226026993392984,0.8798696810275917,0.9295723156955542,0.021066761727161383,0.38836753275618896,0.0018591539060213158
1986,0.04318704307946519,0.06582293767581954,0.04304300164896709,0.022779936026852445,baseline_state_var,0.020226026993392984,0.8798696810275917,0.9295723156955542,0.021066761727161383,0.38836753275618896,-0.00014404143049809998
1987,0.04349887242720021,0.04798356386003747,0.03484381693004132,0.01313974692999615,baseline_state_var,0.020226026993392984,0.8798696810275917,0.9295723156955542,0.021066761727161383,0.38836753275618896,-0.008655055497158885
1988,0.04379330376958887,0.06066154811584148,0.04010508305853837,0.02055646505730311,baseline_state_var,0.020226026993392984,0.8798696810275917,0.9295723156955542,0.021066761727161383,0.38836753275618896,-0.003688220711050502
1989,0.05915448939143162,0.06452811756774267,0.04547605178240301,0.01905206578533966,baseline_state_var,0.020226026993392984,0.8798696810275917,0.9295723156955542,0.021066761727161383,0.38836753275618896,-0.013678437609028614
1990,0.05040771655283857,0.05629025335951207,0.038992758400784575,0.017297494958727497,baseline_state_var,0.020226026993392984,0.8798696810275917,0.9295723156955542,0.021066761727161383,0.38836753275618896,-0.011414958152053997
1991,0.031006694799008208,0.05430161119748641,0.033166243065063966,0.021135368132422443,baseline_state_var,0.020226026993392984,0.8798696810275917,0.9295723156955542,0.021066761727161383,0.38836753275618896,0.002159548266055758
1992,0.013747882119848787,0.04629343682107388,0.023441840159211157,0.022851596661862726,baseline_state_var,0.020226026993392984,0.8798696810275917,0.9295723156955542,0.021066761727161383,0.38836753275618896,0.00969395803936237
1993,0.009831529711302859,0.04236865792029418,0.020645872433396058,0.02172278548689812,baseline_state_var,0.020226026993392984,0.8798696810275917,0.9295723156955542,0.021066761727161383,0.38836753275618896,0.010814342722093199
1994,0.01916543174243665,0.034456967968153604,0.02011468336119246,0.014342284606961145,baseline_state_var,0.020226026993392984,0.8798696810275917,0.9295723156955542,0.021066761727161383,0.38836753275618896,0.0009492516187558087
1995,0.03936816888559248,0.053516707751985214,0.03350109955032176,0.020015608201663454,baseline_state_var,0.020226026993392984,0.8798696810275917,0.9295723156955542,0.021066761727161383,0.38836753275618896,-0.0058670693352707234
1996,0.03262504279561759,0.03364079602688686,0.02275024878685514,0.01089054724003172,baseline_state_var,0.020226026993392984,0.8798696810275917,0.9295723156955542,0.021066761727161383,0.38836753275618896,-0.009874794008762452
1997,0.030612471521028563,0.04192128123043326,0.024247288746598827,0.017673992483834434,baseline_state_var,0.020226026993392984,0.8798696810275917,0.9295723156955542,0.021066761727161383,0.38836753275618896,-0.006365182774429736
1998,0.035804452311604965,0.03311886290044132,0.021482678477372213,0.011636184423069105,baseline_state_var,0.020226026993392984,0.8798696810275917,0.9295723156955542,0.021066761727161383,0.38836753275618896,-0.014321773834232752
1999,0.032642888679603146,0.025375475467149612,0.01619745944610986,0.00917801602103975,baseline_state_var,0.020226026993392984,0.8798696810275917,0.9295723156955542,0.021066761727161383,0.38836753275618896,-0.016445429233493285
2000,0.04083353119240325,0.04306482306112104,0.02458827785597913,0.01847654520514191,baseline_state_var,0.020226026993392984,0.8798696810275917,0.9295723156955542,0.021066761727161383,0.38836753275618896,-0.016245253336424122
2001,0.019439581635660765,0.028468883304779417,0.014102314437512526,0.014366568867266892,baseline_state_var,0.020226026993392984,0.8798696810275917,0.9295723156955542,0.021066761727161383,0.38836753275618896,-0.005337267198148239
2002,-0.0005342731492362085,0.02846419777744644,0.009631089514200917,0.018833108263245524,baseline_state_var,0.020226026993392984,0.8798696810275917,0.9295723156955542,0.021066761727161383,0.38836753275618896,0.010165362663437125
2003,-0.010277339366436196,0.01848068474380955,0.005068202517243112,0.013412482226566437,baseline_state_var,0.020226026993392984,0.8798696810275917,0.9295723156955542,0.021066761727161383,0.38836753275618896,0.015345541883679308
2004,-0.005326616855399346,0.019750539613929807,0.005652298343966372,0.014098241269963434,baseline_state_var,0.020226026993392984,0.8798696810275917,0.9295723156955542,0.021066761727161383,0.38836753275618896,0.010978915199365717
2005,0.008204272208061823,0.019570585977236717,0.009858794905738717,0.009711791071498,baseline_state_var,0.020226026993392984,0.8798696810275917,0.9295723156955542,0.021066761727161383,0.38836753275618896,0.001654522697676894
2006,0.025904239552921572,0.021389396398073853,0.01578191494284101,0.005607481455232842,baseline_state_var,0.020226026993392984,0.8798696810275917,0.9295723156955542,0.021066761727161383,0.38836753275618896,-0.010122324610080561
2007,0.02939411169956745,0.025179684451860383,0.01801127906211194,0.0071684053897484445,baseline_state_var,0.020226026993392984,0.8798696810275917,0.9295723156955542,0.021066761727161383,0.38836753275618896,-0.011382832637455511
2008,0.005207650911926494,0.014448596882326841,0.007810549199075685,0.006638047683251156,baseline_state_var,0.020226026993392984,0.8798696810275917,0.9295723156955542,0.021066761727161383,0.38836753275618896,0.002602898287149191
2009,-0.0031411366341472288,0.005100509702614959,0.005174044483309164,-7.353478069420556e-05,baseline_state_var,0.020226026993392984,0.8798696810275917,0.9295723156955542,0.021066761727161383,0.38836753275618896,0.008315181117456393
2010,-0.01877295323139794,0.015187257401284692,0.002126833070473666,0.013060424330811025,baseline_state_var,0.020226026993392984,0.8798696810275917,0.9295723156955542,0.021066761727161383,0.38836753275618896,0.020899786301871608
2011,-0.01500765090620661,0.012666235605159105,0.0015068052148380733,0.011159430390321032,baseline_state_var,0.020226026993392984,0.8798696810275917,0.9295723156955542,0.021066761727161383,0.38836753275618896,0.016514456121044685
