year,rtb,xr,cape,y_1_nom,spr_nom,y_10_nom_obs,y_1_real,y_10_real_EH,y_10_nom_EH,pi_10_VAR,term_prem_nom,y_10_real_obs_implied,spr_real_obs_implied,long_yield_pct,maturity_n,long_yield_source
1920,-0.10263538935727298,0.11968339479940221,-1.790035946672557,0.07045846364856141,-0.021954054588946434,0.04850440905961498,-0.006524094738060621,0.03218410248118451,0.06644712912626338,0.034263026645078874,-0.017942720066648404,0.014241382414536104,0.020765477152596724,4.97,10,shiller
1921,0.08612458039296088,-0.22442041081507264,-1.6335809392762046,0.07176236622689078,-0.022115426337477005,0.04964693988941377,0.08902727604784712,0.04175992589495007,0.05756833444531838,0.01580840855036831,-0.007921394555904605,0.03383853133904546,-0.055188744708801654,5.09,10,shiller
1922,0.1888877234643036,0.0221403538095543,-1.8384978935652554,0.044782142771893185,-0.0026809667532577894,0.042101176018635396,0.10275630225882547,0.033776080600075364,0.04157299611530425,0.007796915515228889,0.0005281799033311427,0.03430426050340651,-0.06845204175541897,4.3,10,shiller
1923,0.05071687829170765,0.21123960571912748,-2.0985331911771135,0.048409139207687545,-0.005732864927251224,0.04267627428043632,0.038084161254993254,0.0275929239157583,0.048734076296289584,0.021141152380531283,-0.006057802015853264,0.021535121899905037,-0.016549039355088217,4.36,10,shiller
1924,0.019081524113167624,0.004119347072351648,-2.088432185204824,0.0424846116061553,-0.0026871417320892127,0.039797469874066085,0.027380084810166634,0.022339907829213662,0.04435606158306994,0.02201615375385628,-0.004558591709003856,0.017781316120209806,-0.009598768689956828,4.06,10,shiller
1925,0.0424846116061553,0.19348684150492915,-2.2713646527787117,0.03796993125162867,-9.627882354715234e-05,0.037873652428081515,0.027368639353561236,0.021211214639390803,0.04189020404882407,0.020678989409433267,-0.004016551620742555,0.01719466301864825,-0.010173976334912987,3.86,10,shiller
1926,0.003875719908652743,0.1938316828056957,-2.4284214964784474,0.04190940307720962,-0.005770356461336425,0.036139046615873194,0.015402724328212037,0.020716842488757832,0.043406487867067564,0.022689645378309732,-0.00726744125119437,0.013449401237563462,-0.0019533230906485753,3.68,10,shiller
1927,0.06450923499445053,0.07156043545185017,-2.579150399694241,0.0417175933518685,-0.008863256480921317,0.03285433687094718,0.04809988620698234,0.022872915061271263,0.037735696240357865,0.014862781179086602,-0.004881359369410684,0.01799155569186058,-0.030108330515121764,3.34,10,shiller
1928,0.05321197277760352,0.27429081661880694,-2.934182804569831,0.0453557017207972,-0.012598137482625012,0.032757564238172186,0.03886752207156742,0.022865985890695283,0.03950112010217242,0.016635134211477134,-0.006743555864000231,0.016122430026695053,-0.022745092044872368,3.33,10,shiller
1929,0.0569837397159163,0.3422672064538087,-3.2989135954526065,0.05836324329691494,-0.022996099459623623,0.035367143837291316,0.048447565052170405,0.02741335668890421,0.043874067273137266,0.016460710584233054,-0.00850692343584595,0.018906433253058262,-0.029541131799112143,3.6,10,shiller
1930,0.05836324329691494,-0.14969903058772954,-3.1050674729258394,0.040661981718889635,-0.00829160168843892,0.032370380030450716,0.050269881457040144,0.017138116165877786,0.03139394096784477,0.014255824801966986,0.0009764390626059438,0.01811455522848373,-0.032155326228556415,3.29,10,shiller
1931,0.11342133600131807,-0.2970560791998768,-2.815736733377592,0.02400945246035187,0.008844884410595312,0.03285433687094718,0.06256177699817776,0.011870782362061936,0.022841062185627526,0.01097027982356559,0.010013274685319654,0.02188405704738159,-0.04067771995079617,3.34,10,shiller
1932,0.13006902442067608,-0.6205956713143197,-2.2313475385736523,0.033047854046200344,0.00309119256967285,0.036139046615873194,0.08983416505326433,0.019443066425946044,0.027333586722429852,0.007890520296483808,0.008805459893443342,0.028248526319389386,-0.061585638733874945,3.68,10,shiller
1933,0.13608007994443552,-0.13040832703695046,-2.166541537565079,0.014494446150452565,0.018069544722810107,0.03256399087326267,0.05944289821868817,0.013348377051551761,0.02414236043016577,0.010793983378614008,0.008421630443096902,0.021770007494648663,-0.03767289072403951,3.31,10,shiller
1934,-0.008495072074245998,0.42380598172104117,-2.56687978746908,0.01004933585300144,0.020673836789839143,0.030723172642840583,-0.027480913540291422,0.0038553747116642167,0.03054002700125006,0.026684652289585845,0.0001831456415905229,0.00403852035325474,0.03151943389354616,3.12,10,shiller
1935,-0.01980362729667969,-0.09001298276830394,-2.4419911431950623,0.007472014838700995,0.020045871198038252,0.027517886036739245,-0.014634668458287294,0.0008175996605374811,0.02409320673647396,0.02327560707593648,0.0034246793002652848,0.004242278960802766,0.01887694741909006,2.79,10,shiller
1936,-0.0071267845824518564,0.43959232346078136,-2.8383389998802047,0.007472014838700995,0.018682942638150214,0.02615495747685121,-0.02739174897124062,0.0017793118125215084,0.026406141220234648,0.02462682940771314,-0.0002511837433834367,0.0015281280691380717,0.02891987704037869,2.65,10,shiller
1937,-0.014034190382262468,0.2825691912723312,-3.0735606043631565,0.008761505668572752,0.017685664346275543,0.026447170014848295,-0.02483506622564931,-0.00045356838283736685,0.02397015499918739,0.024423723382024757,0.0024770150156609057,0.0020234466328235387,0.02685851285847285,2.68,10,shiller
1938,0.0016943384454803992,-0.40629905244008735,-2.6035383562260628,0.008761505668572752,0.01651630151569579,0.02527780718426854,0.008138741607146636,0.00039391690125203623,0.018587755006046904,0.018193838104794868,0.006690052178221637,0.007083969079473673,-0.0010547725276729633,2.56,10,shiller
1939,0.022946140660529163,0.13968898771934105,-2.7472474787834007,0.005584378293900615,0.017741447009596074,0.02332582530349669,-0.0033498017146099367,0.0020763784111982797,0.02095941064880738,0.0188830322376091,0.0023664146546893104,0.00444279306588759,0.007792594780497527,2.36,10,shiller
1940,0.012752867772513131,0.03132597572619654,-2.7959682989448296,0.005584378293900615,0.0162749560589929,0.021859334352893518,-0.0031241735507826288,0.0009945038103366425,0.01937821655504509,0.018383712744708448,0.0024811177978484276,0.00347562160818507,0.006599795158967699,2.21,10,shiller
1941,-0.008701578953575819,-0.09392701796072803,-2.6321879513661073,0.005286004429237356,0.014026306603135455,0.01931231103237281,-0.005919573729218662,0.0008701256333874295,0.019013935413704518,0.01814380978031709,0.0002983756186682937,0.0011685012520557233,0.007088074981274385,1.95,10,shiller
1942,-0.10219991054090237,-0.10801701554803904,-2.3127023833670393,0.006280237957150484,0.018022054565814377,0.024302292522964862,-0.048342493043103923,-0.0024917406680214833,0.026374345174100238,0.028866085842121723,-0.002072052651135376,-0.004563793319156859,0.043778699723947066,2.46,10,shiller
1943,-0.06737267161761493,0.17454710862230233,-2.3175263366576364,0.0068763039394321565,0.017523582884103023,0.02439988682353518,-0.04211923561773909,0.001091238873081503,0.028450106960194933,0.02735886808711343,-0.004050220136659753,-0.0029589812635782502,0.03916025435416084,2.47,10,shiller
1944,-0.02228028035202333,0.20650718583253666,-2.402648753810159,0.007174203748000358,0.01732326785238708,0.024497471600387438,-0.023489667316552058,0.0031399261107224546,0.02670913409881632,0.023569207988093865,-0.002211662498428881,0.0009282636122935734,0.02441793092884563,2.48,10,shiller
1945,-0.015554047329555952,0.17021255276010616,-2.481606496919498,0.007472014838700995,0.015951500104887065,0.023423514943588058,-0.018402528129261308,0.003170456283160812,0.02533346598521106,0.02216300970205025,-0.0019099510416230037,0.0012605052415378083,0.019663033370799117,2.37,10,shiller
1946,-0.014751121946009046,0.3207058313976317,-2.7487546320888896,0.007571265496318075,0.01409237413970825,0.021663639636026324,-0.022596085789639616,0.00259216467747682,0.02469010125135245,0.02209793657387563,-0.0030264616153261245,-0.00043429693784930454,0.02216178885179031,2.19,10,shiller
1947,-0.1590600755545494,-0.12334466810048499,-2.4396735809364274,0.01004933585300144,0.012201273081818318,0.022250608934819758,-0.06759736892578865,-0.0038185480882344017,0.02843264416429388,0.03225119225252828,-0.006182035229474123,-0.010000583317708525,0.05759678560808012,2.25,10,shiller
1948,-0.08737277715446687,0.025472642305530036,-2.343663949625155,0.013409686909917676,0.010697388433315448,0.024107075343233125,-0.03880962296954707,0.0028003888857845985,0.03001674361380844,0.02721635472802384,-0.0059096682705753155,-0.003109279384790717,0.03570034358475635,2.44,10,shiller
1949,0.0008309047030574911,0.09329853784677661,-2.327110448479578,0.01567647938500758,0.007160754517749644,0.022837233902757225,0.0010906978901828925,0.009462883557494275,0.028174281653060334,0.01871139809556606,-0.005337047750303109,0.004125835807191166,0.0030351379170082734,2.31,10,shiller
1950,0.03672988858283996,0.16218636739604553,-2.374508773438054,0.013113639145383105,0.009821332137112778,0.022934971282495883,0.011555376984837324,0.00989931224833418,0.026239715374581973,0.016340403126247793,-0.0033047440920860906,0.006594568156248089,-0.004960808828589234,2.32,10,shiller
1951,-0.06463511372899453,0.27959134237478034,-2.476182020608157,0.02097840638519171,0.00439689994603653,0.02537530633122824,-0.031006668894483804,0.008287554806881143,0.03463237056224198,0.026344815755360837,-0.009257064231013738,-0.0009695094241325957,0.03003715947035121,2.57,10,shiller
1952,-0.021417152582494055,0.16714117652373406,-2.5278910844022335,0.023618865598633996,0.0028283044162142994,0.026447170014848295,-0.0065026526614994536,0.010777096624840606,0.03285825356009956,0.022081156935258955,-0.006411083545251266,0.0043660130795893405,0.010868665741088794,2.68,10,shiller
1953,0.019852382803157133,0.10934394871475514,-2.5657777410259706,0.025472795973031023,0.0024341572799768535,0.027906953253007877,0.014195270305024613,0.01301526185862506,0.03163934845342069,0.018624086594795627,-0.003732395200412811,0.00928286665821225,-0.004912403646812363,2.83,10,shiller
1954,0.01425772515289102,0.00536830954954421,-2.485127504975017,0.017839918128331002,0.006657553472056436,0.024497471600387438,0.010312119182779887,0.009350638924559354,0.027036967057718818,0.017686328133159464,-0.0025394954573313804,0.006811143467227974,-0.0035009757155519128,2.48,10,shiller
1955,0.025302639329920603,0.36243494115127484,-2.7720123726178567,0.017938145131012995,0.007827062755013416,0.02576520788602641,0.0010510141493960661,0.009487812752646067,0.02905962147912202,0.019571808726475952,-0.0032944135930956103,0.006193399159550457,0.0051423850101543905,2.61,10,shiller
1956,0.014199823020405837,0.2359634454177444,-2.906495807548065,0.03159556158975056,-0.0030081047378380105,0.02858745685191255,0.012059490634683128,0.014194511153219685,0.03371995959822531,0.019525448445005623,-0.005132502746312759,0.009062008406906926,-0.0029974822277762016,2.9,10,shiller
1957,0.0021816763834571554,0.03562904301764726,-2.8164728284191156,0.037873652428081515,-0.00385877384080386,0.034014878587277655,0.01609287180267372,0.015287669691457093,0.03679149635944786,0.021503826667990767,-0.002776617772170205,0.012511051919286888,-0.0035818198833868324,3.46,10,shiller
1958,0.0022827073253789826,-0.09587405158950779,-2.6238299472877906,0.025082780367463156,0.0053494267527388235,0.03043220712020198,0.010762646280962573,0.0097383484643544,0.030217022268617715,0.020478673804263315,0.00021518485158426512,0.009953533315938665,-0.0008091129650239087,3.09,10,shiller
1959,0.011193668206796063,0.3093376027803918,-2.889278902224295,0.03671758293516277,0.002695419421672264,0.039413002356835036,0.004856064927687075,0.01466550985242263,0.04010650098305654,0.025440991130633913,-0.0006934986262215059,0.013972011226201123,0.009115946298514048,4.02,10,shiller
1960,0.026425896898615048,0.038750741579881655,-2.908990950698765,0.04190940307720962,0.0042105325363435,0.04611993561355312,0.020643030254005774,0.015086434875385293,0.04057487313196025,0.025488438256574958,0.005545062481592866,0.02063149735697816,-1.1532897027613509e-05,4.72,10,shiller
1961,0.02498852558887244,0.02006249779428681,-2.916170370376293,0.028684633859908954,0.008996433107779537,0.03768106696768849,0.013587915543328208,0.009608923891291764,0.03234093007862912,0.022732006187337356,0.00534013688905937,0.014949060780351135,0.0013611452370229267,3.84,10,shiller
1962,0.021995645709112464,0.14714121188703141,-3.0539036014461907,0.03333805961051037,0.006651588605648101,0.03998964821615847,0.010469102778798593,0.011152007492177972,0.035560796030678854,0.024408788538500883,0.004428852185479615,0.015580859677657587,0.0051117568988589945,4.08,10,shiller
1963,0.020092832860489865,-0.05870412897846332,-2.9579905142583103,0.0344014267173324,0.0031833336099388113,0.03758476032727121,0.020061703195216156,0.01185778810444029,0.03373459873754188,0.02187681063310159,0.0038501615897293326,0.015707949694169623,-0.0043537535010465325,3.83,10,shiller
1964,0.018087851225808613,0.1591033929391133,-3.0739525306642927,0.04008572353928564,0.0007682704689804115,0.04085399400826605,0.014676261025574984,0.014421172668721463,0.03878299839341671,0.024361825724695245,0.002070995614849344,0.016492168283570807,0.001815907257995823,4.17,10,shiller
1965,0.03042381262754875,0.11011434311186985,-3.147136402858789,0.04363403702006131,-0.0025880675840603273,0.04104596943600098,0.025067323195687934,0.016214366550172454,0.03883252056948961,0.022618154019317157,0.0022134488665113694,0.018427815416683823,-0.006639507779004111,4.19,10,shiller
1966,0.024585842049366678,0.06694969264830053,-3.1804876739970838,0.052971884766105724,-0.007902921398527607,0.04506896336757812,0.030396334922094703,0.019642261619694554,0.043446453356957467,0.023804191737262913,0.0016225100106206508,0.021264771630315205,-0.009131563291779499,4.61,10,shiller
1967,0.018965516780910782,-0.11885435760933155,-3.0171141495226452,0.05401458830623825,-0.009232445534345067,0.044782142771893185,0.03617038463600433,0.020195620128177813,0.043052162448372074,0.02285654232019426,0.0017299803235211117,0.021925600451698925,-0.014244784184305408,4.58,10,shiller
1968,0.018189861788093245,0.09591506661525198,-3.06858934455813,0.059871397037390334,-0.006046310342482875,0.05382508669490746,0.027124849933027793,0.021900864678777658,0.05023648517880541,0.028335620500027754,0.003588601516102047,0.025489466194879705,-0.0016353837381480885,5.53,10,shiller
1969,0.016823143468876707,0.041694047651884295,-3.053763798450418,0.07742389696480362,-0.018777701532070194,0.058646195432733424,0.042970374031579404,0.030239676334902217,0.05856036684293174,0.028320690508029524,8.582858980168279e-05,0.0303255049247039,-0.012644869106875505,6.04,10,shiller
1970,0.017460432197246557,-0.16536225633684248,-2.8385251756860104,0.087186361678916,-0.012171657873470326,0.07501470380544567,0.04797069526249775,0.03202659984918284,0.06662689009382794,0.0346002902446451,0.008387813711617731,0.04041441356080057,-0.0075562817016971845,7.79,10,shiller
1971,0.03562855201406588,-0.020269981152347447,-2.8010421773716354,0.05505620574807841,0.005474293991953948,0.060530499740032356,0.02914962685884532,0.019721536139623345,0.05007445507339363,0.030352918933770283,0.010456044666638728,0.030177580806262073,0.0010279539474167543,6.24,10,shiller
1972,0.022914996536281422,0.07476470688818582,-2.848565297295101,0.04516455195437364,0.012632546771843077,0.05779709872621672,0.011981876657251327,0.014383778769801,0.046328737824824,0.031944959055023,0.011468360901392714,0.025852139671193715,0.013870263013942388,5.95,10,shiller
1973,0.009318420181237762,0.11957842719583023,-2.929193377923576,0.07631268284916358,-0.01371354109264361,0.06259914175651997,0.03308558046893098,0.02953051974140621,0.06124342264762844,0.03171290290622224,0.001355719108891526,0.030886238850297735,-0.002199341618633246,6.46,10,shiller
1974,-0.013433605007111896,-0.24828433711209213,-2.6049627957123613,0.10463024907808292,-0.037065062915659114,0.06756518616242381,0.06255125387939545,0.04330035340923432,0.07352475129377226,0.030224397884537936,-0.005959565131348446,0.037340788277885874,-0.025210465601509573,6.99,10,shiller
1975,-0.006934158549638164,-0.33623735856732917,-2.1884075444458397,0.06989912737966718,0.0024215341999589413,0.07232066157962612,0.029439148315922287,0.02553850150084792,0.06198697380910244,0.036448472308254515,0.01033368777052368,0.035872189271371605,0.006433040955449318,7.5,10,shiller
1976,0.004880874882451633,0.25991609728988896,-2.4145781870300875,0.055434706888100586,0.019116024376195744,0.07455073126429633,-0.0035084687553803076,0.01902979504778201,0.0612229703966229,0.04219317534884089,0.013327760867673427,0.03235755591545544,0.035866024670835744,7.74,10,shiller
1977,0.004591153906826566,0.0578644803289018,-2.436937766119304,0.051453281588915704,0.018166060291141296,0.069619341880057,0.0029806636056694796,0.016810961962100735,0.05572380154416597,0.038912839582065234,0.013895540335891028,0.030706502297991763,0.027725838692322285,7.21,10,shiller
1978,-0.014686520915629282,-0.13677593456352846,-2.223700126480763,0.07492192651725926,0.0016686756444532908,0.07659060216171255,0.020934533790704143,0.02766083608844911,0.06760829605718605,0.039947459968736936,0.008982306104526508,0.03664314219297562,0.015708608402271475,7.96,10,shiller
1979,-0.013821283317129299,0.07987753370477599,-2.2254488237734904,0.10327834945350174,-0.01618364260256798,0.08709470685093376,0.035236996490248265,0.0420280437167972,0.08493566620235236,0.042907622485555165,0.002159040648581398,0.0441870843653786,0.008950087875130332,9.1,10,shiller
1980,-0.026953315154099863,0.056885989892471525,-2.180523010593607,0.10768780541691743,-0.005131217091825346,0.10255658832509208,0.022420792622221318,0.040085374711602936,0.09189368974186876,0.051808315030265825,0.01066289858322332,0.05074827329482626,0.02832748067260494,10.8,10,shiller
1981,-0.004078882053320423,0.1227350411270944,-2.22563974106966,0.1623739189842586,-0.043968854605637334,0.11840506437862126,0.07471464476011926,0.06785514803890755,0.119045458623018,0.05119031058411046,-0.0006403942443967414,0.0672147537945108,-0.0074998909656084495,12.57,10,shiller
1982,0.08180084799943059,-0.2310069458986974,-1.9999463887988085,0.13627761829254784,-8.726384228235906e-05,0.13619035445026548,0.08321330488712812,0.052972378136604256,0.10780696048100454,0.05483458234440028,0.028383393969260942,0.0813557721058652,-0.0018575327812629244,14.59,10,shiller
1983,0.09983423089118794,0.118819248872679,-2.1698286256527513,0.08956644335904303,0.009916835125907103,0.09948327848495013,0.05943074717942527,0.03774274602152981,0.07944720438619754,0.041704458364667726,0.02003607409875259,0.057778820120282404,-0.0016519270591428686,10.46,10,shiller
1984,0.048499080171135495,0.09734243605617517,-2.2920226875909178,0.10535051560782596,0.005027391861783401,0.11037790746960936,0.044899512305052444,0.04013709247993695,0.0901247822707821,0.049987689790845155,0.020253125198827257,0.06039021767876421,0.015490705373711763,11.67,10,shiller
1985,0.07063150292038403,-0.029454029352262948,-2.3022851657934242,0.08019654199427668,0.027581050179154507,0.10777759217343119,0.0345076325912719,0.027141259468408247,0.07653536183826559,0.04939410236985735,0.0312422303351656,0.05838348980357384,0.02387585721230194,11.38,10,shiller
1986,0.04207012039648286,0.15203096730327553,-2.460870719376364,0.0705516559509447,0.017367642086938806,0.08791929803788351,0.021303743428214617,0.025122816779513352,0.06862090729341339,0.04349809051390004,0.019298390744470123,0.04442120752398347,0.023117464095768855,9.19,10,shiller
1987,0.05605864864837788,0.2016404896739506,-2.702850580053065,0.06062462181643484,0.007781410847625556,0.0684060326640604,0.030369270093230386,0.023779186904553613,0.057090944125540465,0.03331175722098685,0.011315088538519931,0.035094275443073544,0.004725005349843159,7.08,10,shiller
1988,0.020954369433285873,-0.07693782422492908,-2.6317691699238717,0.07352923328811549,0.009616347798553374,0.08314558108666886,0.026223365746517624,0.0244609414982215,0.0655571975270576,0.041096256028836105,0.01758838355961126,0.04204932505783276,0.015825959311315134,8.67,10,shiller
1989,0.0279132169286999,0.09503772257398012,-2.713904527225895,0.08883471370049074,-0.0018316700789167278,0.08700304362157402,0.03610801956463884,0.03272199093699042,0.07419417710970472,0.041472186172714295,0.012808866511869299,0.04553085744885972,0.00942283788422088,9.09,10,shiller
1990,0.038119621121474316,0.12104015894603808,-2.836082377785895,0.0809346174959992,-0.002031019900533254,0.07890359759546595,0.037556850419067006,0.030152693557123394,0.06757669740555429,0.03742400384843089,0.011326900189911657,0.041479593747035054,0.003922743327968048,8.21,10,shiller
1991,0.025958943423434813,-0.08763406852760414,-2.747667638037535,0.06691070528262688,0.010883322157393308,0.07779402744002019,0.025761279037794092,0.021490621018906947,0.060119227433760414,0.03862860641485347,0.017674800006259775,0.03916542102516672,0.01340414198737263,8.09,10,shiller
1992,0.04124006207800797,0.20794755698704082,-2.9843208204602822,0.038354953876463996,0.029584029131728876,0.06793898300819287,-0.00046152266427609487,0.008686043934690897,0.04635891771897324,0.03767287378428234,0.02158006528921963,0.03026610922391053,0.030727631888186623,7.03,10,shiller
1993,0.006289506311514863,0.03513653197197707,-3.0117734631024304,0.03382154847551067,0.030091777268142127,0.0639133257436528,-0.011520077325412399,0.004241088988491393,0.04247331469332025,0.03823222570482886,0.021440011050332553,0.025681100038823946,0.037201177364236344,6.6,10,shiller
1994,0.008889509140028052,0.07684161236215356,-3.0639503409363216,0.04258044753511839,0.013327184403177601,0.05590763193829599,0.003787704391635432,0.011152132448063392,0.04378253673374564,0.032630404285682243,0.012125095204550351,0.023277227652613745,0.019489523260978314,5.75,10,shiller
1995,0.014922698091867637,-0.029870592923251275,-3.0066286628149888,0.06250520535139711,0.012416721165862149,0.07492192651725926,0.0157131825951508,0.01762738818449924,0.056731217208731886,0.03910382902423265,0.018190709308527377,0.03581809749302661,0.020104914897875813,7.78,10,shiller
1996,0.035591864519650074,0.23955977049846525,-3.2093290064565556,0.05524547422597851,-0.0002839161520041683,0.05496155807397434,0.02356695344993367,0.01968160649030407,0.04863132958315039,0.02894972309284632,0.006330228490823951,0.02601183498112802,0.002444881531194352,5.65,10,shiller
1997,0.02525917647291323,0.18557241254890952,-3.3440226193338787,0.0561912796497425,0.0075344112308023195,0.06372569088054482,0.014200822744022523,0.016194486871042094,0.050501927027852486,0.03430744015681039,0.013223763852692333,0.029418250723734427,0.015217427979711904,6.58,10,shiller
1998,0.040600068906488665,0.18944287683043698,-3.4922551514112237,0.05524547422597851,-0.00132563223654808,0.05391984198943043,0.027281207637284446,0.017910052242818646,0.0456789932459436,0.027768941003124954,0.00824084874348683,0.026150900986305476,-0.0011303066509789697,5.54,10,shiller
1999,0.03867559526975105,0.21751832348346203,-3.703200360596768,0.05173819540441443,-0.005618259790861314,0.04611993561355312,0.02739245681812564,0.016462430231735,0.04086473246908805,0.024402302237353048,0.005255203144465072,0.02171763337620007,-0.005674823441925568,4.72,10,shiller
2000,0.02471763828577999,0.09203668449803024,-3.7790075516143142,0.06400712997429238,0.0004688892100724179,0.0644760191843648,0.02316465367275823,0.016727350935974848,0.050053856610096606,0.03332650567412176,0.01442216257426819,0.03114951351024304,0.007984859837484808,6.66,10,shiller
2001,0.02736447284434302,-0.11747400040504727,-3.6103466142689697,0.04526013140486457,0.005052682468724527,0.050312813873589095,0.023889202807138788,0.010081381478210553,0.03673664855304036,0.026655267074829805,0.013576165320548735,0.02365754679875929,-0.0002316560083794987,5.16,10,shiller
2002,0.03390282590788299,-0.18945526660102532,-3.4103951004331607,0.01833095668472346,0.03084008732172592,0.04917104400644938,0.002499262128937793,-0.0032900797868682654,0.025435872452263357,0.028725952239131623,0.023735171554186023,0.020445091767317757,0.017945829638379963,5.04,10,shiller
2003,-0.007311473928614191,-0.24031092600769383,-3.13106479340144,0.011730922875698666,0.027970443975853403,0.03970136685155207,-0.012050371355683528,-0.00498664558122897,0.022719265908874887,0.027705911490103857,0.01698210094267718,0.01199545536144821,0.02404582671713174,4.05,10,shiller
2004,-0.00734842393425481,0.23972736995450217,-3.319934553901899,0.01479008547263543,0.025871896246254203,0.040661981718889635,-0.02662116596275951,-0.0023388608912581566,0.028320770218437118,0.030659631109695273,0.012341211500452517,0.010002350609194362,0.03662351657195387,4.15,10,shiller
2005,-0.014475104921658979,0.04610666695155117,-3.280431803819315,0.033531483208792325,0.007802380284184868,0.04133386349297719,-0.0038348825012112196,0.006857715054177277,0.03475307982344478,0.0278953647692675,0.006580783669532415,0.013438498723709693,0.017273381224920913,4.22,10,shiller
2006,-0.005548039710584644,0.06489721541902035,-3.275963002067896,0.051833148640017285,-0.008582106645702352,0.04325104199431493,0.017175725531210946,0.017200698711583924,0.042885955281848825,0.0256852565702649,0.0003650867124661075,0.01756578542405003,0.00039005989283908554,4.42,10,shiller
2007,0.03128919849345382,0.07516560942939551,-3.303494017892406,0.05202302806715191,-0.005521194415732129,0.04650183365141978,0.03043736575056382,0.01825731524612103,0.04248753958033549,0.024230224334214463,0.004014294071084286,0.022271609317205315,-0.008165756433358505,4.76,10,shiller
2008,0.009637163361097212,-0.06403881203770355,-3.178983304954095,0.03362818097998405,0.0030894019551787194,0.03671758293516277,0.014737450192328985,0.009485639902464635,0.031996562822916214,0.02251092292045158,0.004721020112246559,0.014206660014711193,-0.0005307901776177917,3.74,10,shiller
2009,0.03380340231576104,-0.473607522800403,-2.7196264000683232,0.01009883467741447,0.014788880830364521,0.02488771550777899,0.02582029768348651,0.0017237030337419496,0.016313971145459755,0.014590268111717805,0.008573744362319235,0.010297447396061185,-0.015522850287425324,2.52,10,shiller
2010,-0.015819452252138592,0.2708047296604516,-3.0217829782247834,0.004539680042031836,0.032081503413613474,0.03662118345564531,-0.037796343848809144,-0.005180242489830086,0.02549953313888147,0.030679775628711554,0.011121650316763838,0.005941407826933752,0.0437377516757429,3.73,10,shiller
2011,-0.011647073319375648,0.1482419870925305,-3.1345502675306607,0.003643354914798589,0.02969470469571178,0.03333805961051037,-0.03047665562335158,-0.00608879574223003,0.021883913394831908,0.027972709137061937,0.01145414621567846,0.005365350473448429,0.03584200609680001,3.39,10,shiller
