year,P,D,R,RLONG,CPI,CAPE,pi,y_1_nom,y_10_nom_obs,spr_nom,cape,rtb,xr,rtb_z,xr_z,y_1_nom_z,spr_nom_z,cape_z,y_1_real,y_10_real_EH,y_10_nom_EH,pi_10_VAR,term_prem_nom,y_10_real_obs_implied,spr_real_obs_implied,theta,y_10_real_theta,spr_theta,r_10_real_theta,duration_theta,xb_theta
1920,8.83,0.51,7.3,4.97,19.3,5.98966777113944,0.15674471500430492,0.07045846364856141,0.04850440905961498,-0.021954054588946434,-1.790035946672557,-0.10263538935727298,0.11968339479940221,-0.10263538935727298,0.11968339479940221,0.07045846364856141,-0.021954054588946434,-1.790035946672557,-0.006524094738060621,0.03218410248118451,0.06644712912626338,0.034263026645078874,-0.017942720066648404,0.014241382414536104,0.020765477152596724,1.0,0.014241382414536104,0.020765477152596724,-0.02874571262185399,9.38709007826315,-0.007955751497763616
1921,7.11,0.46,7.44,5.09,19.0,5.122184146887376,-0.015666116744399463,0.07176236622689078,0.04964693988941377,-0.022115426337477005,-1.6335809392762046,0.08612458039296088,-0.22442041081507264,0.08612458039296088,-0.22442041081507264,0.07176236622689078,-0.022115426337477005,-1.6335809392762046,0.08902727604784712,0.04175992589495007,0.05756833444531838,0.01580840855036831,-0.007921394555904605,0.03383853133904546,-0.055188744708801654,1.0,0.03383853133904546,-0.055188744708801654,-0.1501216708924617,8.628153106978132,-0.14359757615440108
1922,7.3,0.51,4.58,4.3,16.9,6.287087290347126,-0.11712535723741281,0.044782142771893185,0.042101176018635396,-0.0026809667532577894,-1.8384978935652554,0.1888877234643036,0.0221403538095543,0.1888877234643036,0.0221403538095543,0.044782142771893185,-0.0026809667532577894,-1.8384978935652554,0.10275630225882547,0.033776080600075364,0.04157299611530425,0.007796915515228889,0.0005281799033311427,0.03430426050340651,-0.06845204175541897,1.0,0.03430426050340651,-0.06845204175541897,0.030285877966914454,8.611214356354632,-0.058741398080932664
1923,8.9,0.53,4.96,4.36,16.8,8.15420048306915,-0.005934735519814466,0.048409139207687545,0.04267627428043632,-0.005732864927251224,-2.0985331911771135,0.05071687829170765,0.21123960571912748,0.05071687829170765,0.21123960571912748,0.048409139207687545,-0.005732864927251224,-2.0985331911771135,0.038084161254993254,0.0275929239157583,0.048734076296289584,0.021141152380531283,-0.006057802015853264,0.021535121899905037,-0.016549039355088217,1.0,0.021535121899905037,-0.016549039355088217,0.131492911560659,9.093767732782943,0.02873660930183354
1924,8.83,0.55,4.34,4.06,17.3,8.072249446037373,0.02932761509451992,0.0424846116061553,0.039797469874066085,-0.0026871417320892127,-2.088432185204824,0.019081524113167624,0.004119347072351648,0.019081524113167624,0.004119347072351648,0.0424846116061553,-0.0026871417320892127,-2.088432185204824,0.027380084810166634,0.022339907829213662,0.04435606158306994,0.02201615375385628,-0.004558591709003856,0.017781316120209806,-0.009598768689956828,1.0,0.017781316120209806,-0.009598768689956828,0.05191755399473641,9.243060430790159,0.013833392739743156
1925,10.58,0.6,3.87,3.86,17.3,9.692618852254993,0.0,0.03796993125162867,0.037873652428081515,-9.627882354715234e-05,-2.2713646527787117,0.0424846116061553,0.19348684150492915,0.0424846116061553,0.19348684150492915,0.03796993125162867,-9.627882354715234e-05,-2.2713646527787117,0.027368639353561236,0.021211214639390803,0.04189020404882407,0.020678989409433267,-0.004016551620742555,0.01719466301864825,-0.010173976334912987,1.0,0.01719466301864825,-0.010173976334912987,0.02261713308829219,9.266709820130586,-0.0047629517218744435
1926,12.65,0.69,4.28,3.68,17.9,11.340966188506227,0.034094211342975925,0.04190940307720962,0.036139046615873194,-0.005770356461336425,-2.4284214964784474,0.003875719908652743,0.1938316828056957,0.003875719908652743,0.1938316828056957,0.04190940307720962,-0.005770356461336425,-2.4284214964784474,0.015402724328212037,0.020716842488757832,0.043406487867067564,0.022689645378309732,-0.00726744125119437,0.013449401237563462,-0.0019533230906485753,1.0,0.013449401237563462,-0.0019533230906485753,0.04815565536330163,9.419752649531999,0.020787016009740394
1927,13.4,0.77,4.26,3.34,17.5,13.185930628677793,-0.02259983191724092,0.0417175933518685,0.03285433687094718,-0.008863256480921317,-2.579150399694241,0.06450923499445053,0.07156043545185017,0.06450923499445053,0.07156043545185017,0.0417175933518685,-0.008863256480921317,-2.579150399694241,0.04809988620698234,0.022872915061271263,0.037735696240357865,0.014862781179086602,-0.004881359369410684,0.01799155569186058,-0.030108330515121764,1.0,0.01799155569186058,-0.030108330515121764,-0.024794415763588262,9.234606241390589,-0.040197140091800296
1928,17.53,0.85,4.64,3.33,17.3,18.806128571700775,-0.011494379425735021,0.0453557017207972,0.032757564238172186,-0.012598137482625012,-2.934182804569831,0.05321197277760352,0.27429081661880694,0.05321197277760352,0.27429081661880694,0.0453557017207972,-0.012598137482625012,-2.934182804569831,0.03886752207156742,0.022865985890695283,0.03950112010217242,0.016635134211477134,-0.006743555864000231,0.016122430026695053,-0.022745092044872368,1.0,0.016122430026695053,-0.022745092044872368,0.03338306956017595,9.310158780591843,-0.014716816646806394
1929,24.86,0.97,6.01,3.6,17.1,27.08319962083279,-0.011628037995119099,0.05836324329691494,0.035367143837291316,-0.022996099459623623,-3.2989135954526065,0.0569837397159163,0.3422672064538087,0.0569837397159163,0.3422672064538087,0.05836324329691494,-0.022996099459623623,-3.2989135954526065,0.048447565052170405,0.02741335668890421,0.043874067273137266,0.016460710584233054,-0.00850692343584595,0.018906433253058262,-0.029541131799112143,1.0,0.018906433253058262,-0.029541131799112143,-0.007013078830063191,9.197945965621102,-0.04588060090163061
1930,21.71,0.98,4.15,3.29,17.1,22.31072429433685,0.0,0.040661981718889635,0.032370380030450716,-0.00829160168843892,-3.1050674729258394,0.05836324329691494,-0.14969903058772954,0.05836324329691494,-0.14969903058772954,0.040661981718889635,-0.00829160168843892,-3.1050674729258394,0.050269881457040144,0.017138116165877786,0.03139394096784477,0.014255824801966986,0.0009764390626059438,0.01811455522848373,-0.032155326228556415,1.0,0.01811455522848373,-0.032155326228556415,0.02539820650988306,9.229665306872201,-0.023049358542287346
1931,15.98,0.82,2.43,3.34,15.9,16.705478731547615,-0.07275935428242843,0.02400945246035187,0.03285433687094718,0.008844884410595312,-2.815736733377592,0.11342133600131807,-0.2970560791998768,0.11342133600131807,-0.2970560791998768,0.02400945246035187,0.008844884410595312,-2.815736733377592,0.06256177699817776,0.011870782362061936,0.022841062185627526,0.01097027982356559,0.010013274685319654,0.02188405704738159,-0.04067771995079617,1.0,0.02188405704738159,-0.04067771995079617,-0.012907183114691634,9.080066827051395,-0.06317706457173178
1932,8.3,0.5,3.36,3.68,14.3,9.312406455177847,-0.10605957196032421,0.033047854046200344,0.036139046615873194,0.00309119256967285,-2.2313475385736523,0.13006902442067608,-0.6205956713143197,0.13006902442067608,-0.6205956713143197,0.033047854046200344,0.00309119256967285,-2.2313475385736523,0.08983416505326433,0.019443066425946044,0.027333586722429852,0.007890520296483808,0.008805459893443342,0.028248526319389386,-0.061585638733874945,1.0,0.028248526319389386,-0.061585638733874945,-0.029541279989156538,8.835309894423936,-0.0921030569873343
1933,7.09,0.44,1.46,3.31,12.9,8.72804616281353,-0.10303222589823519,0.014494446150452565,0.03256399087326267,0.018069544722810107,-2.166541537565079,0.13608007994443552,-0.13040832703695046,0.13608007994443552,-0.13040832703695046,0.014494446150452565,0.018069544722810107,-2.166541537565079,0.05944289821868817,0.013348377051551761,0.02414236043016577,0.010793983378614008,0.008421630443096902,0.021770007494648663,-0.03767289072403951,1.0,0.021770007494648663,-0.03767289072403951,0.07900972896809208,9.08454169818033,-0.010824436085172251
1934,10.54,0.45,1.01,3.12,13.2,13.02511982833238,0.022989518224698562,0.01004933585300144,0.030723172642840583,0.020673836789839143,-2.56687978746908,-0.008495072074245998,0.42380598172104117,-0.008495072074245998,0.42380598172104117,0.01004933585300144,0.020673836789839143,-2.56687978746908,-0.027480913540291422,0.0038553747116642167,0.03054002700125006,0.026684652289585845,0.0001831456415905229,0.00403852035325474,0.03151943389354616,1.0,0.00403852035325474,0.03151943389354616,0.16512095465999616,9.820568647559675,0.10567805644130798
1935,9.26,0.47,0.75,2.79,13.6,11.495907968201605,0.02985296314968113,0.007472014838700995,0.027517886036739245,0.020045871198038252,-2.4419911431950623,-0.01980362729667969,-0.09001298276830394,-0.01980362729667969,-0.09001298276830394,0.007472014838700995,0.020045871198038252,-2.4419911431950623,-0.014634668458287294,0.0008175996605374811,0.02409320673647396,0.02327560707593648,0.0034246793002652848,0.004242278960802766,0.01887694741909006,1.0,0.004242278960802766,0.01887694741909006,0.002241253567846206,9.811636447499174,0.029722167108137628
1936,13.76,0.72,0.75,2.65,13.8,17.087359845997245,0.014598799421152851,0.007472014838700995,0.02615495747685121,0.018682942638150214,-2.8383389998802047,-0.0071267845824518564,0.43959232346078136,-0.0071267845824518564,0.43959232346078136,0.007472014838700995,0.018682942638150214,-2.8383389998802047,-0.02739174897124062,0.0017793118125215084,0.026406141220234648,0.02462682940771314,-0.0002511837433834367,0.0015281280691380717,0.02891987704037869,1.0,0.0015281280691380717,0.02891987704037869,0.02815838988180777,9.9315657985074,0.042793058340095065
1937,17.59,0.8,0.88,2.68,14.1,21.618741582953504,0.021506205220963463,0.008761505668572752,0.026447170014848295,0.017685664346275543,-3.0735606043631565,-0.014034190382262468,0.2825691912723312,-0.014034190382262468,0.2825691912723312,0.008761505668572752,0.017685664346275543,-3.0735606043631565,-0.02483506622564931,-0.00045356838283736685,0.02397015499918739,0.024423723382024757,0.0024770150156609057,0.0020234466328235387,0.02685851285847285,1.0,0.0020234466328235387,0.02685851285847285,-0.0028958422736408557,9.909525559041844,0.024495906697599764
1938,11.31,0.51,0.88,2.56,14.2,13.511461918562416,0.007067167223092353,0.008761505668572752,0.02527780718426854,0.01651630151569579,-2.6035383562260628,0.0016943384454803992,-0.40629905244008735,0.0016943384454803992,-0.40629905244008735,0.008761505668572752,0.01651630151569579,-2.6035383562260628,0.008138741607146636,0.00039391690125203623,0.018587755006046904,0.018193838104794868,0.006690052178221637,0.007083969079473673,-0.0010547725276729633,1.0,0.007083969079473673,-0.0010547725276729633,-0.0430634074477108,9.68825402697274,-0.018228341222061486
1939,12.5,0.62,0.56,2.36,14.0,15.599634410919277,-0.014184634991956413,0.005584378293900615,0.02332582530349669,0.017741447009596074,-2.7472474787834007,0.022946140660529163,0.13968898771934105,0.022946140660529163,0.13968898771934105,0.005584378293900615,0.017741447009596074,-2.7472474787834007,-0.0033498017146099367,0.0020763784111982797,0.02095941064880738,0.0188830322376091,0.0023664146546893104,0.00444279306588759,0.007792594780497527,1.0,0.00444279306588759,0.007792594780497527,0.03003117721545677,9.80285768605441,0.021892435608310133
1940,12.3,0.67,0.56,2.21,13.9,16.378480342613663,-0.007168489478612516,0.005584378293900615,0.021859334352893518,0.0162749560589929,-2.7959682989448296,0.012752867772513131,0.03132597572619654,0.012752867772513131,0.03132597572619654,0.005584378293900615,0.0162749560589929,-2.7959682989448296,-0.0031241735507826288,0.0009945038103366425,0.01937821655504509,0.018383712744708448,0.0024811177978484276,0.00347562160818507,0.006599795158967699,1.0,0.00347562160818507,0.006599795158967699,0.012956665766056669,9.845304342548493,0.016306467480666605
1941,10.55,0.71,0.53,1.95,14.1,13.90415826795083,0.014285957247476434,0.005286004429237356,0.01931231103237281,0.014026306603135455,-2.6321879513661073,-0.008701578953575819,-0.09392701796072803,-0.008701578953575819,-0.09392701796072803,0.005286004429237356,0.014026306603135455,-2.6321879513661073,-0.005919573729218662,0.0008701256333874295,0.019013935413704518,0.01814380978031709,0.0002983756186682937,0.0011685012520557233,0.007088074981274385,1.0,0.0011685012520557233,0.007088074981274385,0.023882803313038006,9.947611475189609,0.027006976863820635
1942,8.93,0.59,0.63,2.46,15.7,10.101686431929254,0.10748591497013972,0.006280237957150484,0.024302292522964862,0.018022054565814377,-2.3127023833670393,-0.10219991054090237,-0.10801701554803904,-0.10219991054090237,-0.10801701554803904,0.006280237957150484,0.018022054565814377,-2.3127023833670393,-0.048342493043103923,-0.0024917406680214833,0.026374345174100238,0.028866085842121723,-0.002072052651135376,-0.004563793319156859,0.043778699723947066,1.0,-0.004563793319156859,0.043778699723947066,0.05245884593660452,10.208371079648519,0.05837841966582318
1943,10.09,0.61,0.69,2.47,16.9,10.150534220432078,0.0736529095747654,0.0068763039394321565,0.02439988682353518,0.017523582884103023,-2.3175263366576364,-0.06737267161761493,0.17454710862230233,-0.06737267161761493,0.17454710862230233,0.0068763039394321565,0.017523582884103023,-2.3175263366576364,-0.04211923561773909,0.001091238873081503,0.028450106960194933,0.02735886808711343,-0.004050220136659753,-0.0029589812635782502,0.03916025435416084,1.0,-0.0029589812635782502,0.03916025435416084,-0.01934149824001821,10.13441061861236,0.029000994803085715
1944,11.85,0.64,0.72,2.48,17.4,11.05241276397747,0.029156584291455487,0.007174203748000358,0.024497471600387438,0.01732326785238708,-2.402648753810159,-0.02228028035202333,0.20650718583253666,-0.02228028035202333,0.20650718583253666,0.007174203748000358,0.01732326785238708,-2.402648753810159,-0.023489667316552058,0.0031399261107224546,0.02670913409881632,0.023569207988093865,-0.002211662498428881,0.0009282636122935734,0.02441793092884563,1.0,0.0009282636122935734,0.02441793092884563,-0.03846667213488832,9.95835065641745,0.003652563482850764
1945,13.49,0.66,0.75,2.37,17.8,11.960463439806988,0.02272825107755631,0.007472014838700995,0.023423514943588058,0.015951500104887065,-2.481606496919498,-0.015554047329555952,0.17021255276010616,-0.015554047329555952,0.17021255276010616,0.007472014838700995,0.015951500104887065,-2.481606496919498,-0.018402528129261308,0.003170456283160812,0.02533346598521106,0.02216300970205025,-0.0019099510416230037,0.0012605052415378083,0.019663033370799117,1.0,0.0012605052415378083,0.019663033370799117,-0.002048073405135721,9.943503004269505,0.021441593911416337
1946,18.02,0.71,0.76,2.19,18.2,15.623163177761654,0.02222313678471004,0.007571265496318075,0.021663639636026324,0.01409237413970825,-2.7487546320888896,-0.014751121946009046,0.3207058313976317,-0.014751121946009046,0.3207058313976317,0.007571265496318075,0.01409237413970825,-2.7487546320888896,-0.022596085789639616,0.00259216467747682,0.02469010125135245,0.02209793657387563,-0.0030264616153261245,-0.00043429693784930454,0.02216178885179031,1.0,-0.00043429693784930454,0.02216178885179031,0.01641797362452896,10.01957026734227,0.03482050175379027
1947,15.21,0.84,1.01,2.25,21.5,11.46929633473557,0.16663134105086747,0.01004933585300144,0.022250608934819758,0.012201273081818318,-2.4396735809364274,-0.1590600755545494,-0.12334466810048499,-0.1590600755545494,-0.12334466810048499,0.01004933585300144,0.012201273081818318,-2.4396735809364274,-0.06759736892578865,-0.0038185480882344017,0.02843264416429388,0.03225119225252828,-0.006182035229474123,-0.010000583317708525,0.05759678560808012,1.0,-0.010000583317708525,0.05759678560808012,0.08584949526281024,10.464621963198388,0.10844558105244986
1948,14.83,0.93,1.35,2.44,23.7,10.41934265732032,0.09742211300746831,0.013409686909917676,0.024107075343233125,0.010697388433315448,-2.343663949625155,-0.08737277715446687,0.025472642305530036,-0.08737277715446687,0.025472642305530036,0.013409686909917676,0.010697388433315448,-2.343663949625155,-0.03880962296954707,0.0028003888857845985,0.03001674361380844,0.02721635472802384,-0.0059096682705753155,-0.003109279384790717,0.03570034358475635,1.0,-0.003109279384790717,0.03570034358475635,-0.07522416987627784,10.141305412949903,-0.00762680095048919
1949,15.36,1.14,1.58,2.31,24.0,10.24828575803897,0.012578782206860185,0.01567647938500758,0.022837233902757225,0.007160754517749644,-2.327110448479578,0.0008309047030574911,0.09329853784677661,0.0008309047030574911,0.09329853784677661,0.01567647938500758,0.007160754517749644,-2.327110448479578,0.0010906978901828925,0.009462883557494275,0.028174281653060334,0.01871139809556606,-0.005337047750303109,0.004125835807191166,0.0030351379170082734,1.0,0.004125835807191166,0.0030351379170082734,-0.06924767705257079,9.816739578518824,-0.03043805408302372
1950,16.88,1.47,1.32,2.32,23.5,10.745733299747899,-0.02105340919783238,0.013113639145383105,0.022934971282495883,0.009821332137112778,-2.374508773438054,0.03672988858283996,0.16218636739604553,0.03672988858283996,0.16218636739604553,0.013113639145383105,0.009821332137112778,-2.374508773438054,0.011555376984837324,0.00989931224833418,0.026239715374581973,0.016340403126247793,-0.0033047440920860906,0.006594568156248089,-0.004960808828589234,1.0,0.006594568156248089,-0.004960808828589234,-0.01764033440350876,9.709345925162676,-0.018731032293691656
1951,21.21,1.41,2.12,2.57,25.4,11.895759839437062,0.07774875287437763,0.02097840638519171,0.02537530633122824,0.00439689994603653,-2.476182020608157,-0.06463511372899453,0.27959134237478034,-0.06463511372899453,0.27959134237478034,0.02097840638519171,0.00439689994603653,-2.476182020608157,-0.031006668894483804,0.008287554806881143,0.03463237056224198,0.026344815755360837,-0.009257064231013738,-0.0009695094241325957,0.03003715947035121,1.0,-0.0009695094241325957,0.03003715947035121,0.07247273640855097,10.043762174876326,0.060917359423713645
1952,24.19,1.41,2.39,2.68,26.5,12.527059748172302,0.042395558967685765,0.023618865598633996,0.026447170014848295,0.0028283044162142994,-2.5278910844022335,-0.021417152582494055,0.16714117652373406,-0.021417152582494055,0.16714117652373406,0.023618865598633996,0.0028283044162142994,-2.5278910844022335,-0.0065026526614994536,0.010777096624840606,0.03285825356009956,0.022081156935258955,-0.006411083545251266,0.0043660130795893405,0.010868665741088794,1.0,0.0043660130795893405,0.010868665741088794,-0.04922270602649448,9.806217898457733,-0.018216037132010674
1953,26.18,1.45,2.58,2.83,26.6,13.010773447995184,0.0037664827954768648,0.025472795973031023,0.027906953253007877,0.0024341572799768535,-2.5657777410259706,0.019852382803157133,0.10934394871475514,0.019852382803157133,0.10934394871475514,0.025472795973031023,0.0024341572799768535,-2.5657777410259706,0.014195270305024613,0.01301526185862506,0.03163934845342069,0.018624086594795627,-0.003732395200412811,0.00928286665821225,-0.004912403646812363,1.0,0.00928286665821225,-0.004912403646812363,-0.03893287090857568,9.594285157877353,-0.03243021824707623
1954,25.46,1.54,1.8,2.48,26.9,12.002650554927829,0.011215070820140003,0.017839918128331002,0.024497471600387438,0.006657553472056436,-2.485127504975017,0.01425772515289102,0.00536830954954421,0.01425772515289102,0.00536830954954421,0.017839918128331002,0.006657553472056436,-2.485127504975017,0.010312119182779887,0.009350638924559354,0.027036967057718818,0.017686328133159464,-0.0025394954573313804,0.006811143467227974,-0.0035009757155519128,1.0,0.006811143467227974,-0.0035009757155519128,0.030525560592869656,9.700004074692865,0.016330290287845044
1955,35.6,1.64,1.81,2.61,26.7,15.990781062969836,-0.0074627212015896,0.017938145131012995,0.02576520788602641,0.007827062755013416,-2.7720123726178567,0.025302639329920603,0.36243494115127484,0.025302639329920603,0.36243494115127484,0.017938145131012995,0.007827062755013416,-2.7720123726178567,0.0010510141493960661,0.009487812752646067,0.02905962147912202,0.019571808726475952,-0.0032944135930956103,0.006193399159550457,0.0051423850101543905,1.0,0.006193399159550457,0.0051423850101543905,0.012185521461140693,9.726683832188819,0.0018734022783608063
1956,44.15,1.74,3.21,2.9,26.8,18.292585385418896,0.003738322110607158,0.03159556158975056,0.02858745685191255,-0.0030081047378380105,-2.906495807548065,0.014199823020405837,0.2359634454177444,0.014199823020405837,0.2359634454177444,0.03159556158975056,-0.0030081047378380105,-2.906495807548065,0.012059490634683128,0.014194511153219685,0.03371995959822531,0.019525448445005623,-0.005132502746312759,0.009062008406906926,-0.0029974822277762016,1.0,0.009062008406906926,-0.0029974822277762016,-0.018840046780222587,9.603664810678998,-0.019891060929618655
1957,45.43,1.79,3.86,3.46,27.6,16.717780078533004,0.029413885206293407,0.037873652428081515,0.034014878587277655,-0.00385877384080386,-2.8164728284191156,0.0021816763834571554,0.03562904301764726,0.0021816763834571554,0.03562904301764726,0.037873652428081515,-0.00385877384080386,-2.8164728284191156,0.01609287180267372,0.015287669691457093,0.03679149635944786,0.021503826667990767,-0.002776617772170205,0.012511051919286888,-0.0035818198833868324,1.0,0.012511051919286888,-0.0035818198833868324,-0.020612405891057242,9.45866209808878,-0.032671896525740374
1958,41.12,1.75,2.54,3.09,28.6,13.788431552307637,0.03559094510270253,0.025082780367463156,0.03043220712020198,0.0053494267527388235,-2.6238299472877906,0.0022827073253789826,-0.09587405158950779,0.0022827073253789826,-0.09587405158950779,0.025082780367463156,0.0053494267527388235,-2.6238299472877906,0.010762646280962573,0.0097383484643544,0.030217022268617715,0.020478673804263315,0.00021518485158426512,0.009953533315938665,-0.0008091129650239087,1.0,0.009953533315938665,-0.0008091129650239087,0.03414423759458546,9.565882235102436,0.018051365791911737
1959,55.62,1.83,3.74,4.02,29.0,17.98033934299339,0.013889112160667093,0.03671758293516277,0.039413002356835036,0.002695419421672264,-2.889278902224295,0.011193668206796063,0.3093376027803918,0.011193668206796063,0.3093376027803918,0.03671758293516277,0.002695419421672264,-2.889278902224295,0.004856064927687075,0.01466550985242263,0.04010650098305654,0.025440991130633913,-0.0006934986262215059,0.013972011226201123,0.009115946298514048,1.0,0.013972011226201123,0.009115946298514048,-0.024468275227730096,9.398181195678907,-0.03523092150869267
1960,58.03,1.95,4.28,4.72,29.3,18.33828499437557,0.010291686036547724,0.04190940307720962,0.04611993561355312,0.0042105325363435,-2.908990950698765,0.026425896898615048,0.038750741579881655,0.026425896898615048,0.038750741579881655,0.04190940307720962,0.0042105325363435,-2.908990950698765,0.020643030254005774,0.015086434875385293,0.04057487313196025,0.025488438256574958,0.005545062481592866,0.02063149735697816,-1.1532897027613509e-05,1.0,0.02063149735697816,-1.1532897027613509e-05,-0.041955559970175055,9.12938715764083,-0.04681162489786213
1961,59.72,2.02,2.91,3.84,29.8,18.470416986477172,0.016920877488337177,0.028684633859908954,0.03768106696768849,0.008996433107779537,-2.916170370376293,0.02498852558887244,0.02006249779428681,0.02498852558887244,0.02006249779428681,0.028684633859908954,0.008996433107779537,-2.916170370376293,0.013587915543328208,0.009608923891291764,0.03234093007862912,0.022732006187337356,0.00534013688905937,0.014949060780351135,0.0013611452370229267,1.0,0.014949060780351135,0.0013611452370229267,0.06682622428711842,9.358041041347011,0.04618319403311264
1962,69.07,2.13,3.39,4.08,30.0,21.197931400015225,0.006688988150796489,0.03333805961051037,0.03998964821615847,0.006651588605648101,-3.0539036014461907,0.021995645709112464,0.14714121188703141,0.021995645709112464,0.14714121188703141,0.03333805961051037,0.006651588605648101,-3.0539036014461907,0.010469102778798593,0.011152007492177972,0.035560796030678854,0.024408788538500883,0.004428852185479615,0.015580859677657587,0.0051117568988589945,1.0,0.015580859677657587,0.0051117568988589945,0.009668459666786006,9.332215234839566,-0.003919455876542202
1963,65.06,2.28,3.5,3.83,30.4,19.259231693254044,0.013245226750020505,0.0344014267173324,0.03758476032727121,0.0031833336099388113,-2.9579905142583103,0.020092832860489865,-0.05870412897846332,0.020092832860489865,-0.05870412897846332,0.0344014267173324,0.0031833336099388113,-2.9579905142583103,0.020061703195216156,0.01185778810444029,0.03373459873754188,0.02187681063310159,0.0038501615897293326,0.015707949694169623,-0.0043537535010465325,1.0,0.015707949694169623,-0.0043537535010465325,0.014521918305879983,9.327032546938073,0.00405281552708139
1964,76.45,2.5,4.09,4.17,30.9,21.627216196980925,0.016313575491523787,0.04008572353928564,0.04085399400826605,0.0007682704689804115,-3.0739525306642927,0.018087851225808613,0.1591033929391133,0.018087851225808613,0.1591033929391133,0.04008572353928564,0.0007682704689804115,-3.0739525306642927,0.014676261025574984,0.014421172668721463,0.03878299839341671,0.024361825724695245,0.002070995614849344,0.016492168283570807,0.001815907257995823,1.0,0.016492168283570807,0.001815907257995823,0.009177735976312107,9.29514335992302,-0.010883967218904049
1965,86.12,2.72,4.46,4.19,31.2,23.26933508192246,0.00966191091173689,0.04363403702006131,0.04104596943600098,-0.0025880675840603273,-3.147136402858789,0.03042381262754875,0.11011434311186985,0.03042381262754875,0.11011434311186985,0.04363403702006131,-0.0025880675840603273,-3.147136402858789,0.025067323195687934,0.016214366550172454,0.03883252056948961,0.022618154019317157,0.0022134488665113694,0.018427815416683823,-0.006639507779004111,1.0,0.018427815416683823,-0.006639507779004111,0.00043569782017433,9.217098659542671,-0.014240563205400654
1966,93.32,2.87,5.44,4.61,31.8,24.058483388421738,0.01904819497069463,0.052971884766105724,0.04506896336757812,-0.007902921398527607,-3.1804876739970838,0.024585842049366678,0.06694969264830053,0.024585842049366678,0.06694969264830053,0.052971884766105724,-0.007902921398527607,-3.1804876739970838,0.030396334922094703,0.019642261619694554,0.043446453356957467,0.023804191737262913,0.0016225100106206508,0.021264771630315205,-0.009131563291779499,1.0,0.021264771630315205,-0.009131563291779499,-0.004883733683527847,9.104403495770786,-0.02995105687921578
1967,84.45,2.92,5.55,4.58,32.9,20.43224212538428,0.03400636798519494,0.05401458830623825,0.044782142771893185,-0.009232445534345067,-3.0171141495226452,0.018965516780910782,-0.11885435760933155,0.018965516780910782,-0.11885435760933155,0.05401458830623825,-0.009232445534345067,-3.0171141495226452,0.03617038463600433,0.020195620128177813,0.043052162448372074,0.02285654232019426,0.0017299803235211117,0.021925600451698925,-0.014244784184305408,1.0,0.021925600451698925,-0.014244784184305408,0.01590914822018688,9.078437610930145,-0.014487186701907823
1968,95.04,3.07,6.17,5.53,34.1,21.511535896332177,0.03582472651814501,0.059871397037390334,0.05382508669490746,-0.006046310342482875,-3.06858934455813,0.018189861788093245,0.09591506661525198,0.018189861788093245,0.09591506661525198,0.059871397037390334,-0.006046310342482875,-3.06858934455813,0.027124849933027793,0.021900864678777658,0.05023648517880541,0.028335620500027754,0.003588601516102047,0.025489466194879705,-0.0016353837381480885,1.0,0.025489466194879705,-0.0016353837381480885,-0.006864866608318199,8.940228040211005,-0.04303525124432253
1969,102.04,3.16,8.05,6.04,35.6,21.19496807284715,0.04304825356851363,0.07742389696480362,0.058646195432733424,-0.018777701532070194,-3.053763798450418,0.016823143468876707,0.041694047651884295,0.016823143468876707,0.041694047651884295,0.07742389696480362,-0.018777701532070194,-3.053763798450418,0.042970374031579404,0.030239676334902217,0.05856036684293174,0.028320690508029524,8.582858980168279e-05,0.0303255049247039,-0.012644869106875505,1.0,0.0303255049247039,-0.012644869106875505,-0.012909784131216767,8.757503610523203,-0.04003463406424456
1970,90.31,3.14,9.11,7.79,37.8,17.09054139514021,0.05996346476755706,0.087186361678916,0.07501470380544567,-0.012171657873470326,-2.8385251756860104,0.017460432197246557,-0.16536225633684248,0.017460432197246557,-0.16536225633684248,0.087186361678916,-0.012171657873470326,-2.8385251756860104,0.04797069526249775,0.03202659984918284,0.06662689009382794,0.0346002902446451,0.008387813711617731,0.04041441356080057,-0.0075562817016971845,1.0,0.04041441356080057,-0.0075562817016971845,-0.047939240246054726,8.393423299995366,-0.09090961427763414
1971,93.49,3.07,5.66,6.24,39.8,16.461793943491944,0.051557809664850116,0.05505620574807841,0.060530499740032356,0.005474293991953948,-2.8010421773716354,0.03562855201406588,-0.020269981152347447,0.03562855201406588,-0.020269981152347447,0.05505620574807841,0.005474293991953948,-2.8010421773716354,0.02914962685884532,0.019721536139623345,0.05007445507339363,0.030352918933770283,0.010456044666638728,0.030177580806262073,0.0010279539474167543,1.0,0.030177580806262073,0.0010279539474167543,0.11609965136636122,8.76301203494137,0.06812895610386346
1972,103.3,3.15,4.62,5.95,41.1,17.262996797035175,0.03214120921179699,0.04516455195437364,0.05779709872621672,0.012632546771843077,-2.848565297295101,0.022914996536281422,0.07476470688818582,0.022914996536281422,0.07476470688818582,0.04516455195437364,0.012632546771843077,-2.848565297295101,0.011981876657251327,0.014383778769801,0.046328737824824,0.031944959055023,0.011468360901392714,0.025852139671193715,0.013870263013942388,1.0,0.025852139671193715,0.013870263013942388,0.06375603239422817,8.926334046388327,0.03460640553538285
1973,118.42,3.38,7.93,6.46,42.6,18.712530467302436,0.03584613177313588,0.07631268284916358,0.06259914175651997,-0.01371354109264361,-2.929193377923576,0.009318420181237762,0.11957842719583023,0.009318420181237762,0.11957842719583023,0.07631268284916358,-0.01371354109264361,-2.929193377923576,0.03308558046893098,0.02953051974140621,0.06124342264762844,0.03171290290622224,0.001355719108891526,0.030886238850297735,-0.002199341618633246,1.0,0.030886238850297735,-0.002199341618633246,-0.014049812045034,8.73666857741409,-0.026031688702285324
1974,96.11,3.6,11.03,6.99,46.6,13.530721892513949,0.08974628785627548,0.10463024907808292,0.06756518616242381,-0.037065062915659114,-2.6049627957123613,-0.013433605007111896,-0.24828433711209213,-0.013433605007111896,-0.24828433711209213,0.10463024907808292,-0.037065062915659114,-2.6049627957123613,0.06255125387939545,0.04330035340923432,0.07352475129377226,0.030224397884537936,-0.005959565131348446,0.037340788277885874,-0.025210465601509573,1.0,0.037340788277885874,-0.025210465601509573,-0.019050470887489512,8.50195757923822,-0.05213605135642049
1975,72.56,3.68,7.24,7.5,52.1,8.920995508404248,0.11156440762772109,0.06989912737966718,0.07232066157962612,0.0024215341999589413,-2.1884075444458397,-0.006934158549638164,-0.33623735856732917,-0.006934158549638164,-0.33623735856732917,0.06989912737966718,0.0024215341999589413,-2.1884075444458397,0.029439148315922287,0.02553850150084792,0.06198697380910244,0.036448472308254515,0.01033368777052368,0.035872189271371605,0.006433040955449318,1.0,0.035872189271371605,0.006433040955449318,0.04835815572566732,8.554544066568496,-0.014193098153728129
1976,96.86,4.05,5.7,7.74,55.6,11.18505136262215,0.06501825249721555,0.055434706888100586,0.07455073126429633,0.019116024376195744,-2.4145781870300875,0.004880874882451633,0.25991609728988896,0.004880874882451633,0.25991609728988896,0.055434706888100586,0.019116024376195744,-2.4145781870300875,-0.0035084687553803076,0.01902979504778201,0.0612229703966229,0.04219317534884089,0.013327760867673427,0.03235755591545544,0.035866024670835744,1.0,0.03235755591545544,0.035866024670835744,0.06242364183647181,8.682341182860812,0.032984493520549524
1977,103.81,4.67,5.28,7.21,58.5,11.437961346787555,0.05084355298127402,0.051453281588915704,0.069619341880057,0.018166060291141296,-2.436937766119304,0.004591153906826566,0.0578644803289018,0.004591153906826566,0.0578644803289018,0.051453281588915704,0.018166060291141296,-2.436937766119304,0.0029806636056694796,0.016810961962100735,0.05572380154416597,0.038912839582065234,0.013895540335891028,0.030706502297991763,0.027725838692322285,1.0,0.030706502297991763,0.027725838692322285,0.04504151311600793,8.743339136388853,0.04854998187138824
1978,90.25,5.07,7.78,7.96,62.5,9.241462260934693,0.06613980250454499,0.07492192651725926,0.07659060216171255,0.0016686756444532908,-2.223700126480763,-0.014686520915629282,-0.13677593456352846,-0.014686520915629282,-0.13677593456352846,0.07492192651725926,0.0016686756444532908,-2.223700126480763,0.020934533790704143,0.02766083608844911,0.06760829605718605,0.039947459968736936,0.008982306104526508,0.03664314219297562,0.015708608402271475,1.0,0.03664314219297562,0.015708608402271475,-0.01526291373948413,8.526879145172702,-0.01824357734515361
1979,99.71,5.65,10.88,9.1,68.3,9.257636919139975,0.08874320983438856,0.10327834945350174,0.08709470685093376,-0.01618364260256798,-2.2254488237734904,-0.013821283317129299,0.07987753370477599,-0.013821283317129299,0.07987753370477599,0.10327834945350174,-0.01618364260256798,-2.2254488237734904,0.035236996490248265,0.0420280437167972,0.08493566620235236,0.042907622485555165,0.002159040648581398,0.0441870843653786,0.008950087875130332,1.0,0.0441870843653786,0.008950087875130332,-0.020139198816873205,8.262969896717845,-0.04107373260757735
1980,110.87,6.16,11.37,10.8,77.8,8.850934180729109,0.1302316646076016,0.10768780541691743,0.10255658832509208,-0.005131217091825346,-2.180523010593607,-0.026953315154099863,0.056885989892471525,-0.026953315154099863,0.056885989892471525,0.10768780541691743,-0.005131217091825346,-2.180523010593607,0.022420792622221318,0.040085374711602936,0.09189368974186876,0.051808315030265825,0.01066289858322332,0.05074827329482626,0.02832748067260494,1.0,0.05074827329482626,0.02832748067260494,-0.0034666333158781537,8.043130729464897,-0.03870362980612642
1981,132.97,6.63,17.63,12.57,87.0,9.259404530877953,0.11176668747023785,0.1623739189842586,0.11840506437862126,-0.043968854605637334,-2.22563974106966,-0.004078882053320423,0.1227350411270944,-0.004078882053320423,0.1227350411270944,0.1623739189842586,-0.043968854605637334,-2.22563974106966,0.07471464476011926,0.06785514803890755,0.119045458623018,0.05119031058411046,-0.0006403942443967414,0.0672147537945108,-0.0074998909656084495,1.0,0.0672147537945108,-0.0074998909656084495,-0.06522730151863648,7.528413746524997,-0.08764809414085781
1982,117.28,6.87,14.6,14.59,94.3,7.388659973375994,0.08057307098482801,0.13627761829254784,0.13619035445026548,-8.726384228235906e-05,-1.9999463887988085,0.08180084799943059,-0.2310069458986974,0.08180084799943059,-0.2310069458986974,0.13627761829254784,-8.726384228235906e-05,-1.9999463887988085,0.08321330488712812,0.052972378136604256,0.10780696048100454,0.05483458234440028,0.028383393969260942,0.0813557721058652,-0.0018575327812629244,1.0,0.0813557721058652,-0.0018575327812629244,-0.02510366453919699,7.125187153207984,-0.09981830929931625
1983,144.27,7.09,9.37,10.46,97.8,8.75678322413474,0.0364433874013599,0.08956644335904303,0.09948327848495013,0.009916835125907103,-2.1698286256527513,0.09983423089118794,0.118819248872679,0.09983423089118794,0.118819248872679,0.08956644335904303,0.009916835125907103,-2.1698286256527513,0.05943074717942527,0.03774274602152981,0.07944720438619754,0.041704458364667726,0.02003607409875259,0.057778820120282404,-0.0016519270591428686,1.0,0.057778820120282404,-0.0016519270591428686,0.22576901551975836,7.817093262503686,0.14255571063263023
1984,166.39,7.53,11.11,11.67,101.9,9.894931809202536,0.04106736318790753,0.10535051560782596,0.11037790746960936,0.005027391861783401,-2.2920226875909178,0.048499080171135495,0.09734243605617517,0.048499080171135495,0.09734243605617517,0.10535051560782596,0.005027391861783401,-2.2920226875909178,0.044899512305052444,0.04013709247993695,0.0901247822707821,0.049987689790845155,0.020253125198827257,0.06039021767876421,0.015490705373711763,1.0,0.06039021767876421,0.015490705373711763,0.03997667941863753,7.73555309780386,-0.019454067760787744
1985,171.61,7.9,8.35,11.38,105.5,9.997001177730452,0.03471901268744192,0.08019654199427668,0.10777759217343119,0.027581050179154507,-2.3022851657934242,0.07063150292038403,-0.029454029352262948,0.07063150292038403,-0.029454029352262948,0.08019654199427668,0.027581050179154507,-2.3022851657934242,0.0345076325912719,0.027141259468408247,0.07653536183826559,0.04939410236985735,0.0312422303351656,0.05838348980357384,0.02387585721230194,1.0,0.05838348980357384,0.02387585721230194,0.07390663983495205,7.7980981212810585,0.029007127529899604
1986,208.19,8.28,7.31,9.19,109.6,11.715007584487985,0.03812642159779382,0.0705516559509447,0.08791929803788351,0.017367642086938806,-2.460870719376364,0.04207012039648286,0.15203096730327553,0.04207012039648286,0.15203096730327553,0.0705516559509447,0.017367642086938806,-2.460870719376364,0.021303743428214617,0.025122816779513352,0.06862090729341339,0.04349809051390004,0.019298390744470123,0.04442120752398347,0.023117464095768855,1.0,0.04442120752398347,0.023117464095768855,0.15330045473725296,8.25497305339455,0.11879282214598105
1987,264.51,8.81,6.25,7.08,111.2,14.922208103718946,0.014493007302566824,0.06062462181643484,0.0684060326640604,0.007781410847625556,-2.702850580053065,0.05605864864837788,0.2016404896739506,0.05605864864837788,0.2016404896739506,0.06062462181643484,0.007781410847625556,-2.702850580053065,0.030369270093230386,0.023779186904553613,0.057090944125540465,0.03331175722098685,0.011315088538519931,0.035094275443073544,0.004725005349843159,1.0,0.035094275443073544,0.004725005349843159,0.11208784844182618,8.582592131709783,0.09078410501361156
1988,250.48,9.75,7.63,8.67,115.7,13.898336683569136,0.03967025238314897,0.07352923328811549,0.08314558108666886,0.009616347798553374,-2.6317691699238717,0.020954369433285873,-0.07693782422492908,0.020954369433285873,-0.07693782422492908,0.07352923328811549,0.009616347798553374,-2.6317691699238717,0.026223365746517624,0.0244609414982215,0.0655571975270576,0.041096256028836105,0.01758838355961126,0.04204932505783276,0.015825959311315134,1.0,0.04204932505783276,0.015825959311315134,-0.01764302904145082,8.336520370181098,-0.048012299134681205
1989,285.41,11.06,9.29,9.09,121.1,15.088072442713273,0.04561601635941559,0.08883471370049074,0.08700304362157402,-0.0018316700789167278,-2.713904527225895,0.0279132169286999,0.09503772257398012,0.0279132169286999,0.09503772257398012,0.08883471370049074,-0.0018316700789167278,-2.713904527225895,0.03610801956463884,0.03272199093699042,0.07419417710970472,0.041472186172714295,0.012808866511869299,0.04553085744885972,0.00942283788422088,1.0,0.04553085744885972,0.00942283788422088,0.016506991751618127,8.217226398657402,-0.009716373994899496
1990,339.97,12.09,8.43,8.21,127.4,17.048843606878265,0.05071509257901643,0.0809346174959992,0.07890359759546595,-0.002031019900533254,-2.836082377785895,0.038119621121474316,0.12104015894603808,0.038119621121474316,0.12104015894603808,0.0809346174959992,-0.002031019900533254,-2.836082377785895,0.037556850419067006,0.030152693557123394,0.06757669740555429,0.03742400384843089,0.011326900189911657,0.041479593747035054,0.003922743327968048,1.0,0.041479593747035054,0.003922743327968048,0.07476974478559123,8.356285144606593,0.03866172522095239
1991,325.5,12.2,6.92,8.09,134.6,15.606190118802367,0.05497567407256439,0.06691070528262688,0.07779402744002019,0.010883322157393308,-2.747667638037535,0.025958943423434813,-0.08763406852760414,0.025958943423434813,-0.08763406852760414,0.06691070528262688,0.010883322157393308,-2.747667638037535,0.025761279037794092,0.021490621018906947,0.060119227433760414,0.03862860641485347,0.017674800006259775,0.03916542102516672,0.01340414198737263,1.0,0.03916542102516672,0.01340414198737263,0.05850330816296889,8.437280248082258,0.020946457743901886
1992,416.08,12.39,3.91,7.03,138.1,19.77306821146265,0.025670643204618915,0.038354953876463996,0.06793898300819287,0.029584029131728876,-2.9843208204602822,0.04124006207800797,0.20794755698704082,0.04124006207800797,0.20794755698704082,0.038354953876463996,0.029584029131728876,-2.9843208204602822,-0.00046152266427609487,0.008686043934690897,0.04635891771897324,0.03767287378428234,0.02158006528921963,0.03026610922391053,0.030727631888186623,1.0,0.03026610922391053,0.030727631888186623,0.10535209690617475,8.759714792825099,0.07959081786838065
1993,435.23,12.58,3.44,6.6,142.6,20.32341080299572,0.03206544756494913,0.03382154847551067,0.0639133257436528,0.030091777268142127,-3.0117734631024304,0.006289506311514863,0.03513653197197707,0.006289506311514863,0.03513653197197707,0.03382154847551067,0.030091777268142127,-3.0117734631024304,-0.011520077325412399,0.004241088988491393,0.04247331469332025,0.03823222570482886,0.021440011050332553,0.025681100038823946,0.037201177364236344,1.0,0.025681100038823946,0.037201177364236344,0.06584447282266581,8.932882665755123,0.06630599548694191
1994,472.99,13.17,4.35,5.75,146.2,21.41197491382655,0.02493203933548262,0.04258044753511839,0.05590763193829599,0.013327184403177601,-3.0639503409363216,0.008889509140028052,0.07684161236215356,0.008889509140028052,0.07684161236215356,0.04258044753511839,0.013327184403177601,-3.0639503409363216,0.003787704391635432,0.011152132448063392,0.04378253673374564,0.032630404285682243,0.012125095204550351,0.023277227652613745,0.019489523260978314,1.0,0.023277227652613745,0.019489523260978314,0.04475073762207826,9.025659678678734,0.05627081494749066
1995,465.25,13.79,6.45,7.78,150.3,20.21911942245731,0.02765774944325075,0.06250520535139711,0.07492192651725926,0.012416721165862149,-3.0066286628149888,0.014922698091867637,-0.029870592923251275,0.014922698091867637,-0.029870592923251275,0.06250520535139711,0.012416721165862149,-3.0066286628149888,0.0157131825951508,0.01762738818449924,0.056731217208731886,0.03910382902423265,0.018190709308527377,0.03581809749302661,0.020104914897875813,1.0,0.03581809749302661,0.020104914897875813,-0.07737152576114598,8.55649003039764,-0.08115923015278141
1996,614.42,14.9,5.68,5.65,154.4,24.76246519464404,0.026913340831747044,0.05524547422597851,0.05496155807397434,-0.0002839161520041683,-3.2093290064565556,0.035591864519650074,0.23955977049846525,0.035591864519650074,0.23955977049846525,0.05524547422597851,-0.0002839161520041683,-3.2093290064565556,0.02356695344993367,0.01968160649030407,0.04863132958315039,0.02894972309284632,0.006330228490823951,0.02601183498112802,0.002444881531194352,1.0,0.02601183498112802,0.002444881531194352,0.10991902239965043,8.920226039402014,0.09420583980449963
1997,766.22,15.5,5.78,6.58,159.1,28.332870129950386,0.02998629775306528,0.0561912796497425,0.06372569088054482,0.0075344112308023195,-3.3440226193338787,0.02525917647291323,0.18557241254890952,0.02525917647291323,0.18557241254890952,0.0561912796497425,0.0075344112308023195,-3.3440226193338787,0.014200822744022523,0.016194486871042094,0.050501927027852486,0.03430744015681039,0.013223763852692333,0.029418250723734427,0.015217427979711904,1.0,0.029418250723734427,0.015217427979711904,-0.0009677476844922039,8.791367560923295,-0.024534701134425872
1998,963.36,16.2,5.68,5.54,161.6,32.85996841505224,0.015591210743253831,0.05524547422597851,0.05391984198943043,-0.00132563223654808,-3.4922551514112237,0.040600068906488665,0.18944287683043698,0.040600068906488665,0.18944287683043698,0.05524547422597851,-0.00132563223654808,-3.4922551514112237,0.027281207637284446,0.017910052242818646,0.0456789932459436,0.027768941003124954,0.00824084874348683,0.026150900986305476,-0.0011303066509789697,1.0,0.026150900986305476,-0.0011303066509789697,0.054875373478129624,8.914911986874486,0.0406745507341071
1999,1248.77,16.69,5.31,4.72,164.3,40.57695767720813,0.01656987895622746,0.05173819540441443,0.04611993561355312,-0.005618259790861314,-3.703200360596768,0.03867559526975105,0.21751832348346203,0.03867559526975105,0.21751832348346203,0.05173819540441443,-0.005618259790861314,-3.703200360596768,0.02739245681812564,0.016462430231735,0.04086473246908805,0.024402302237353048,0.005255203144465072,0.02171763337620007,-0.005674823441925568,1.0,0.02171763337620007,-0.005674823441925568,0.06123982393455116,9.086597724357977,0.03395861629726671
2000,1425.59,16.27,6.61,6.66,168.8,43.77257814693801,0.027020557118634443,0.06400712997429238,0.0644760191843648,0.0004688892100724179,-3.7790075516143142,0.02471763828577999,0.09203668449803024,0.02471763828577999,0.09203668449803024,0.06400712997429238,0.0004688892100724179,-3.7790075516143142,0.02316465367275823,0.016727350935974848,0.050053856610096606,0.03332650567412176,0.01442216257426819,0.03114951351024304,0.007984859837484808,1.0,0.03114951351024304,0.007984859837484808,-0.05455418705216902,8.726911034609804,-0.08194664387029466
2001,1335.63,15.74,4.63,5.16,175.1,36.97886799702982,0.03664265712994936,0.04526013140486457,0.050312813873589095,0.005052682468724527,-3.6103466142689697,0.02736447284434302,-0.11747400040504727,0.02736447284434302,-0.11747400040504727,0.04526013140486457,0.005052682468724527,-3.6103466142689697,0.023889202807138788,0.010081381478210553,0.03673664855304036,0.026655267074829805,0.013576165320548735,0.02365754679875929,-0.0002316560083794987,1.0,0.02365754679875929,-0.0002316560083794987,0.08903927376413615,9.010888900461426,0.06587462009137791
2002,1140.21,16.07,1.85,5.04,177.1,30.27720443309601,0.01135730549698158,0.01833095668472346,0.04917104400644938,0.03084008732172592,-3.4103951004331607,0.03390282590788299,-0.18945526660102532,0.03390282590788299,-0.18945526660102532,0.01833095668472346,0.03084008732172592,-3.4103951004331607,0.002499262128937793,-0.0032900797868682654,0.025435872452263357,0.028725952239131623,0.023735171554186023,0.020445091767317757,0.017945829638379963,1.0,0.020445091767317757,0.017945829638379963,0.049392167153365724,9.136759947971965,0.025502964346226936
2003,895.84,17.39,1.18,4.05,181.7,22.898348576613227,0.025642430613337652,0.011730922875698666,0.03970136685155207,0.027970443975853403,-3.13106479340144,-0.007311473928614191,-0.24031092600769383,-0.007311473928614191,-0.24031092600769383,0.011730922875698666,0.027970443975853403,-3.13106479340144,-0.012050371355683528,-0.00498664558122897,0.022719265908874887,0.027705911490103857,0.01698210094267718,0.01199545536144821,0.02404582671713174,1.0,0.01199545536144821,0.02404582671713174,0.08919775484952287,9.480139412949471,0.08669849272058508
2004,1132.52,19.44,1.49,4.15,185.2,27.658540355736587,0.019079346809953476,0.01479008547263543,0.040661981718889635,0.025871896246254203,-3.319934553901899,-0.00734842393425481,0.23972736995450217,-0.00734842393425481,0.23972736995450217,0.01479008547263543,0.025871896246254203,-3.319934553901899,-0.02662116596275951,-0.0023388608912581566,0.028320770218437118,0.030659631109695273,0.012341211500452517,0.010002350609194362,0.03662351657195387,1.0,0.010002350609194362,0.03662351657195387,0.028897261525172954,9.5638194798528,0.04094763288085648
2005,1181.41,22.22,3.41,4.22,190.7,26.587250697970383,0.02926519039429441,0.033531483208792325,0.04133386349297719,0.007802380284184868,-3.280431803819315,-0.014475104921658979,0.04610666695155117,-0.014475104921658979,0.04610666695155117,0.033531483208792325,0.007802380284184868,-3.280431803819315,-0.0038348825012112196,0.006857715054177277,0.03475307982344478,0.0278953647692675,0.006580783669532415,0.013438498723709693,0.017273381224920913,1.0,0.013438498723709693,0.017273381224920913,-0.019424201549551504,9.420203418598078,0.007196964413208006
2006,1278.73,24.88,5.32,4.42,198.3,26.46870262668572,0.03907952291937697,0.051833148640017285,0.04325104199431493,-0.008582106645702352,-3.275963002067896,-0.005548039710584644,0.06489721541902035,-0.005548039710584644,0.06489721541902035,0.051833148640017285,-0.008582106645702352,-3.275963002067896,0.017175725531210946,0.017200698711583924,0.042885955281848825,0.0256852565702649,0.0003650867124661075,0.01756578542405003,0.00039005989283908554,1.0,0.01756578542405003,0.00039005989283908554,-0.021314094860030386,9.251738918748062,-0.017479212358819166
2007,1424.16,27.73,5.34,4.76,202.416,27.207536656807147,0.020543950146563468,0.05202302806715191,0.04650183365141978,-0.005521194415732129,-3.303494017892406,0.03128919849345382,0.07516560942939551,0.03128919849345382,0.07516560942939551,0.05202302806715191,-0.005521194415732129,-3.303494017892406,0.03043736575056382,0.01825731524612103,0.04248753958033549,0.024230224334214463,0.004014294071084286,0.022271609317205315,-0.008165756433358505,1.0,0.022271609317205315,-0.008165756433358505,-0.021265444739873934,9.064884464676597,-0.03844117027108488
2008,1378.76,28.39,3.42,3.74,211.18,24.022317760836835,0.042385864706054696,0.03362818097998405,0.03671758293516277,0.0030894019551787194,-3.178983304954095,0.009637163361097212,-0.06403881203770355,0.009637163361097212,-0.06403881203770355,0.03362818097998405,0.0030894019551787194,-3.178983304954095,0.014737450192328985,0.009485639902464635,0.031996562822916214,0.02251092292045158,0.004721020112246559,0.014206660014711193,-0.0005307901776177917,1.0,0.014206660014711193,-0.0005307901776177917,0.08731449365529452,9.388518691575777,0.0568771279047307
2009,865.58,22.41,1.0150000000000001,2.52,211.143,15.174651936879659,-0.00017522133577698888,0.01009883467741447,0.02488771550777899,0.014788880830364521,-2.7196264000683232,0.03380340231576104,-0.473607522800403,0.03380340231576104,-0.473607522800403,0.01009883467741447,0.014788880830364521,-2.7196264000683232,0.02582029768348651,0.0017237030337419496,0.016313971145459755,0.014590268111717805,0.008573744362319235,0.010297447396061185,-0.015522850287425324,1.0,0.010297447396061185,-0.015522850287425324,0.04699916313560068,9.551363747187144,0.032261712943271695
2010,1123.58,22.73,0.45499999999999996,3.73,216.687,20.5278598014544,0.02591828692955306,0.004539680042031836,0.03662118345564531,0.032081503413613474,-3.0217829782247834,-0.015819452252138592,0.2708047296604516,-0.015819452252138592,0.2708047296604516,0.004539680042031836,0.032081503413613474,-3.0217829782247834,-0.037796343848809144,-0.005180242489830086,0.02549953313888147,0.030679775628711554,0.011121650316763838,0.005941407826933752,0.0437377516757429,1.0,0.005941407826933752,0.0437377516757429,0.04754752624881023,9.737596947992708,0.02172722856532372
2011,1282.62,26.43,0.365,3.39,220.223,22.97829943055498,0.016186753361407485,0.003643354914798589,0.03333805961051037,0.02969470469571178,-3.1345502675306607,-0.011647073319375648,0.1482419870925305,-0.011647073319375648,0.1482419870925305,0.003643354914798589,0.02969470469571178,-3.1345502675306607,-0.03047665562335158,-0.00608879574223003,0.021883913394831908,0.027972709137061937,0.01145414621567846,0.005365350473448429,0.03584200609680001,1.0,0.005365350473448429,0.03584200609680001,0.010974764800615863,9.762609771502278,0.04877110864942501
