year,cape,spr,y_1,xr,xb
1920,-1.790035946672557,0.0340119817207259,-0.015026848942409143,0.11968339479940221,0.01458561127385272
1921,-1.6335809392762046,-0.04129045654415487,0.08272702809919971,-0.22442041081507264,-0.16805096726982685
1922,-1.8384978935652554,-0.05738735018751583,0.10050648959287177,0.0221403538095543,-0.05643356719695472
1923,-2.0985331911771135,-0.007713734010081262,0.03506920949400416,0.21123960571912748,0.08448562510538153
1924,-2.088432185204824,0.002696089476362625,0.023289657027454832,0.004119347072351648,0.004613826810867694
1925,-2.2713646527787117,0.00236111796370736,0.023190888018123197,0.19348684150492915,0.0065997541742447464
1926,-2.4284214964784474,0.01200184855048602,0.009493614603117026,0.1938316828056957,0.03887000341775495
1927,-2.579150399694241,-0.014702598640516245,0.04194314369865566,0.07156043545185017,-0.03970388859034134
1928,-2.934182804569831,-0.009012327728476668,0.03263782087943064,0.27429081661880694,0.01783286852415282
1929,-3.2989135954526065,-0.016394815505195802,0.041347826244286845,0.3422672064538087,-0.020959986021710328
1930,-3.1050674729258394,-0.017375935614113908,0.04560656230177644,-0.14969903058772954,-0.04589335904233921
1931,-2.815736733377592,-0.031310001944123395,0.06365593593823166,-0.2970560791998768,-0.054413701372125464
1932,-2.2313475385736523,-0.04689629207618909,0.0881948444032608,-0.6205956713143197,-0.11188356694079438
1933,-2.166541537565079,-0.02778161841464502,0.06058639170343254,-0.13040832703695046,0.02954771926836859
1934,-2.56687978746908,0.043922916678809425,-0.029942387175854495,0.42380598172104117,0.14163657565784826
1935,-2.4419911431950623,0.0283699835586192,-0.014373259325001927,-0.09001298276830394,0.043777164102848334
1936,-2.8383389998802047,0.03600726577465853,-0.027355026596271138,0.43959232346078136,0.07647034905568814
1937,-3.0735606043631565,0.03029165480054045,-0.02240360050807128,0.2825691912723312,0.04288492974792252
1938,-2.6035383562260628,0.004073562165016359,0.011408119058025998,-0.40629905244008735,-0.03805098757461821
1939,-2.7472474787834007,0.013771313659682219,-0.0018479437087551252,0.13968898771934105,0.03609836361405373
1940,-2.7959682989448296,0.012892297144191368,-0.001728016472303348,0.03132597572619654,0.020603117171033882
1941,-2.6321879513661073,0.01543700748421875,-0.005889756393232935,-0.09392701796072803,0.027445563372311216
1942,-2.3127023833670393,0.0481373295859307,-0.04657290957355195,-0.10801701554803904,0.08728248719168238
1943,-2.3175263366576364,0.043155303566044974,-0.040830435248034036,0.17454710862230233,0.04129329483524093
1944,-2.402648753810159,0.027064610373049303,-0.021186833092903232,0.20650718583253666,0.011179122906828824
1945,-2.481606496919498,0.02313921619278788,-0.016505156550751573,0.17021255276010616,0.020258069116037173
1946,-2.7487546320888896,0.026091650809526048,-0.021477042267996734,0.3207058313976317,0.04131427609735082
1947,-2.4396735809364274,0.06252858143670616,-0.06728397678789204,-0.12334466810048499,0.11042168584396284
1948,-2.343663949625155,0.04149224092178837,-0.03903706606026462,0.025472642305530036,-0.0023665504776804874
1949,-2.327110448479578,0.008392235485753645,0.0010692097813983868,0.09329853784677661,-0.021564192728866248
1950,-2.374508773438054,-0.001834781739711978,0.01315744290924174,0.16218636739604553,-0.008358707635645913
1951,-2.476182020608157,0.032955149617194715,-0.031065882820886775,0.27959134237478034,0.08306576761928443
1952,-2.5278910844022335,0.015493722434496423,-0.006849520993247527,0.16714117652373406,-0.027839262187273898
1953,-2.5657777410259706,-0.0020371981210542643,0.015300229935577569,0.10934394871475514,-0.026075750924973256
1954,-2.485127504975017,0.0032382330535995867,0.0101011094951016,0.00536830954954421,-0.0027239947286552095
1955,-2.7720123726178567,0.00892293123195161,0.0017661621374567577,0.36243494115127484,0.027090475667234985
1956,-2.906495807548065,0.0004260703709349292,0.012027123341705019,0.2359634454177444,-0.00695397185713262
1957,-2.8164728284191156,0.0006576975919525968,0.016171193130200417,0.03562904301764726,-0.03895520271468266
1958,-2.6238299472877906,0.004749120198918025,0.01152769174099767,-0.09587405158950779,0.005626406632088455
1959,-2.889278902224295,0.010330108433287266,0.006818458454034162,0.3093376027803918,-0.0030966743277335406
1960,-2.908990950698765,-0.0021313171730726957,0.02574757017368305,0.038750741579881655,-0.04787906658631307
1961,-2.916170370376293,0.005300940136812104,0.01599645437020459,0.02006249779428681,0.018738409269270243
1962,-3.0539036014461907,0.007747226894865643,0.013002900961058411,0.14714121188703141,0.010226339996645843
1963,-2.9579905142583103,-0.0009287390947103798,0.02219637662814783,-0.05870412897846332,0.0030896397972451084
1964,-3.0739525306642927,0.003856788292927741,0.01670181179105024,0.1591033929391133,0.005452597950424853
1965,-3.147136402858789,-0.004313353474359783,0.026824804937697323,0.11011434311186985,-0.01371887412130832
1966,-3.1804876739970838,-0.007609547559473202,0.03210787353679119,0.06694969264830053,-0.022195224100183826
1967,-3.0171141495226452,-0.0074021497022974635,0.035368476795044526,-0.11885435760933155,-0.038821557598334874
1968,-3.06858934455813,0.004817886793634624,0.02661706878640807,0.09591506661525198,-0.03861980608795819
1969,-3.053763798450418,-0.0059443243666171056,0.040940061313027236,0.041694047651884295,-0.02722914550367228
1970,-2.8385251756860104,-0.006908205856106367,0.05095998700088955,-0.16536225633684248,-0.08744872215197463
1971,-2.8010421773716354,0.010756475513680596,0.029018667475109398,-0.020269981152347447,0.03158153754783238
1972,-2.848565297295101,0.024357513388275374,0.011964350391051053,0.07476470688818582,0.041835988398852664
1973,-2.929193377923576,0.005523219009777723,0.03092831469539116,0.11957842719583023,0.023190484055693225
1974,-2.6049627957123613,-0.013364184634286874,0.05601212300720558,-0.24828433711209213,-0.050244422999970687
1975,-2.1884075444458397,0.01878445442524757,0.02807082084712074,-0.33623735856732917,-0.05123021672933335
1976,-2.4145781870300875,0.04186206969955511,-0.0009000404342764945,0.25991609728988896,0.07182366848905487
1977,-2.436937766119304,0.032635155907216475,0.00650738257374117,0.0578644803289018,0.05823748675844381
1978,-2.223700126480763,0.019317816651685638,0.023422118730605054,-0.13677593456352846,0.0002585837952190379
1979,-2.2254488237734904,0.011416037546731705,0.035595259009151954,0.07987753370477599,-0.019124433910651037
1980,-2.180523010593607,0.03026759207065987,0.02498574959270703,0.056885989892471525,-0.0627623684206175
1981,-2.22563974106966,-0.0024831532687202146,0.0710548342518491,0.1227350411270944,-0.08959746180719794
1982,-1.9999463887988085,-0.0005855331563639488,0.08960520722238975,-0.2310069458986974,-0.18651509101479258
1983,-2.1698286256527513,0.007888819987140444,0.06086295236348524,0.118819248872679,0.1818255822822371
1984,-2.2920226875909178,0.017369741607292946,0.04972187879710288,0.09734243605617517,0.022830187503209115
1985,-2.3022851657934242,0.0244869410666438,0.04351179324712835,-0.029454029352262948,0.009205716422906018
1986,-2.460870719376364,0.027953287046524593,0.025420542163707458,0.15203096730327553,0.15611108699850468
1987,-2.702850580053065,0.01565515266892865,0.029581523044205322,0.2016404896739506,0.10118766852040731
1988,-2.6317691699238717,0.024925299743590888,0.02765443864822826,-0.07693782422492908,-0.05043241143923795
1989,-2.713904527225895,0.012903623100826336,0.038596187729491006,0.09503772257398012,0.03464464779710718
1990,-2.836082377785895,0.01014949525161555,0.038444115054047164,0.12104015894603808,0.03905942782271795
1991,-2.747667638037535,0.019811036071538512,0.028735033641461256,-0.08763406852760414,0.010577360585582056
1992,-2.9843208204602822,0.037720727246108476,0.003781129772272419,0.20794755698704082,0.08320895032310836
1993,-3.0117734631024304,0.04581862400896314,-0.00789636181635826,0.03513653197197707,0.06993708067809261
1994,-3.0639503409363216,0.02909244073346704,0.004317765063980093,0.07684161236215356,0.08642713156538288
1995,-3.0066286628149888,0.02355602434237461,0.020260580834899344,-0.029870592923251275,-0.06456515368497431
1996,-3.2093290064565556,0.013384463293360793,0.021386204461596933,0.23955977049846525,0.10496946114322064
1997,-3.3440226193338787,0.021232966877695318,0.016094808400845345,0.18557241254890952,-0.00962950441888559
1998,-3.4922551514112237,0.008497133127632658,0.02604573224485164,0.18944287683043698,0.04629715603220261
1999,-3.703200360596768,0.009335524336092794,0.022637443998305442,0.21751832348346203,0.031626206470407245
2000,-3.7790075516143142,0.016831977264721663,0.023360108708987287,0.09203668449803024,-0.06463653441770364
2001,-3.6103466142689697,0.01780866720591113,0.02004565869135761,-0.11747400040504727,0.03787181795268353
2002,-3.4103951004331607,0.02821578053610202,0.0061635729892341885,-0.18945526660102532,0.049083418553303886
2003,-3.13106479340144,0.04235317054615072,-0.013636743841504987,-0.24031092600769383,0.07918212192231629
2004,-3.319934553901899,0.047999118111296285,-0.02626391773553671,0.23972736995450217,0.10518420750612617
2005,-3.280431803819315,0.027933053469262673,-0.004992636934812656,0.04610666695155117,0.037152172683082324
2006,-3.275963002067896,0.009988654310855154,0.014438526957305239,0.06489721541902035,0.014552170865869286
2007,-3.303494017892406,-0.0018921506982959822,0.0302218795605612,0.07516560942939551,-0.025134274036088308
2008,-3.178983304954095,0.015429065181776835,0.010535184232145521,-0.06403881203770355,0.01939716433678977
2009,-2.7196264000683232,0.009559354517983114,0.01920801181516945,-0.473607522800403,-0.00979898709129503
2010,-3.0217829782247834,0.05669917939904395,-0.03798665912280055,0.2708047296604516,0.10005296903016564
2011,-3.1345502675306607,0.050142311261239164,-0.03126298864928746,0.1482419870925305,0.05519795837766922
