year,P,D,R,RLONG,CPI,CAPE,pi,long_yield_pct,y_1_nom,y_10_nom_obs,spr_nom,cape,rtb,xr,long_yield_source,rtb_z,xr_z,y_1_nom_z,spr_nom_z,cape_z,y_1_real,y_10_real_EH,y_10_nom_EH,pi_10_VAR,term_prem_nom,y_10_real_obs_implied,spr_real_obs_implied,maturity_n,theta,y_10_real_theta,spr_theta,r_10_real_theta,duration_theta,xb_theta
1920,8.83,0.51,7.3,4.97,19.3,5.98966777113944,0.15674471500430492,4.97,0.07045846364856141,0.04850440905961498,-0.021954054588946434,-1.790035946672557,-0.10263538935727298,0.11968339479940221,shiller,-0.10263538935727298,0.11968339479940221,0.07045846364856141,-0.021954054588946434,-1.790035946672557,-0.006524094738060621,0.02879203552792357,0.06158643653329075,0.03279440100536718,-0.013082027473675775,0.015710008054247795,0.022234102792308415,20,0.5,0.022251021791085682,0.028775116529146303,-0.06558977683557848,20.0,-0.04479981571148811
1921,7.11,0.46,7.44,5.09,19.0,5.122184146887376,-0.015666116744399463,5.09,0.07176236622689078,0.04964693988941377,-0.022115426337477005,-1.6335809392762046,0.08612458039296088,-0.22442041081507264,shiller,0.08612458039296088,-0.22442041081507264,0.07176236622689078,-0.022115426337477005,-1.6335809392762046,0.08902727604784712,0.03215194010169237,0.05468644054260804,0.02253450044091567,-0.005039500653194265,0.027112439448498102,-0.061914836599349016,20,0.5,0.029632189775095234,-0.05939508627275188,-0.11799116990509578,20.0,-0.11146707516703516
1922,7.3,0.51,4.58,4.3,16.9,6.287087290347126,-0.11712535723741281,4.3,0.044782142771893185,0.042101176018635396,-0.0026809667532577894,-1.8384978935652554,0.1888877234643036,0.0221403538095543,shiller,0.1888877234643036,0.0221403538095543,0.044782142771893185,-0.0026809667532577894,-1.8384978935652554,0.10275630225882547,0.02587707100176616,0.04296488256921031,0.017087811567444145,-0.0008637065505749109,0.02501336445119125,-0.07774293780763422,20,0.5,0.025445217726478706,-0.07731108453234677,0.10918465869880928,20.0,0.02015738265096216
1923,8.9,0.53,4.96,4.36,16.8,8.15420048306915,-0.005934735519814466,4.36,0.048409139207687545,0.04267627428043632,-0.005732864927251224,-2.0985331911771135,0.05071687829170765,0.21123960571912748,shiller,0.05071687829170765,0.21123960571912748,0.048409139207687545,-0.005732864927251224,-2.0985331911771135,0.038084161254993254,0.023556654247922977,0.04810606552013156,0.024549411272208582,-0.005429791239695239,0.018126863008227738,-0.019957298246765516,20,0.5,0.020841758628075358,-0.017242402626917896,0.11291094059614237,20.0,0.010154638337316904
1924,8.83,0.55,4.34,4.06,17.3,8.072249446037373,0.02932761509451992,4.06,0.0424846116061553,0.039797469874066085,-0.0026871417320892127,-2.088432185204824,0.019081524113167624,0.004119347072351648,shiller,0.019081524113167624,0.004119347072351648,0.0424846116061553,-0.0026871417320892127,-2.088432185204824,0.027380084810166634,0.02071861311174115,0.04536486119694982,0.024646248085208666,-0.0055673913228837316,0.01515122178885742,-0.012228863021309214,20,0.5,0.017934917450299286,-0.009445167359867349,0.0760717410058207,20.0,0.03798757975082745
1925,10.58,0.6,3.87,3.86,17.3,9.692618852254993,0.0,3.86,0.03796993125162867,0.037873652428081515,-9.627882354715234e-05,-2.2713646527787117,0.0424846116061553,0.19348684150492915,shiller,0.0424846116061553,0.19348684150492915,0.03796993125162867,-9.627882354715234e-05,-2.2713646527787117,0.027368639353561236,0.019443844013773966,0.04316366295533422,0.023719818941560254,-0.0052900105272527045,0.014153833486521262,-0.013214805867039974,20,0.5,0.016798838750147614,-0.010569800603413622,0.03952041275318108,20.0,0.012140327943014444
1926,12.65,0.69,4.28,3.68,17.9,11.340966188506227,0.034094211342975925,3.68,0.04190940307720962,0.036139046615873194,-0.005770356461336425,-2.4284214964784474,0.003875719908652743,0.1938316828056957,shiller,0.003875719908652743,0.1938316828056957,0.04190940307720962,-0.005770356461336425,-2.4284214964784474,0.015402724328212037,0.01915537742472624,0.04396828326452794,0.024812905839801697,-0.007829236648654744,0.011326140776071497,-0.00407658355214054,20,0.5,0.01524075910039887,-0.00016196522781316766,0.0464023520953738,20.0,0.019033712741812564
1927,13.4,0.77,4.26,3.34,17.5,13.185930628677793,-0.02259983191724092,3.34,0.0417175933518685,0.03285433687094718,-0.008863256480921317,-2.579150399694241,0.06450923499445053,0.07156043545185017,shiller,0.06450923499445053,0.07156043545185017,0.0417175933518685,-0.008863256480921317,-2.579150399694241,0.04809988620698234,0.019066920639251438,0.03928699742624944,0.020220076786998005,-0.006432660555302262,0.012634260083949175,-0.03546562612303317,20,0.5,0.015850590361600306,-0.03224929584538204,0.003653965137571602,20.0,-0.011748759190640435
1928,17.53,0.85,4.64,3.33,17.3,18.806128571700775,-0.011494379425735021,3.33,0.0453557017207972,0.032757564238172186,-0.012598137482625012,-2.934182804569831,0.05321197277760352,0.27429081661880694,shiller,0.05321197277760352,0.27429081661880694,0.0453557017207972,-0.012598137482625012,-2.934182804569831,0.03886752207156742,0.018504342791785137,0.039716573233163265,0.021212230441378127,-0.006959008994991078,0.01154533379679406,-0.02732218827477336,20,0.5,0.015024838294289598,-0.023842683777277822,0.031539879640503754,20.0,-0.01656000656647859
1929,24.86,0.97,6.01,3.6,17.1,27.08319962083279,-0.011628037995119099,3.6,0.05836324329691494,0.035367143837291316,-0.022996099459623623,-3.2989135954526065,0.0569837397159163,0.3422672064538087,shiller,0.0569837397159163,0.3422672064538087,0.05836324329691494,-0.022996099459623623,-3.2989135954526065,0.048447565052170405,0.020315186580887636,0.04171187062756083,0.021396684046673192,-0.0063447267902695115,0.013970459790618124,-0.03447710526155228,20,0.5,0.01714282318575288,-0.031304741866417525,-0.025216874643512743,20.0,-0.06408439671508016
1930,21.71,0.98,4.15,3.29,17.1,22.31072429433685,0.0,3.29,0.040661981718889635,0.032370380030450716,-0.00829160168843892,-3.1050674729258394,0.05836324329691494,-0.14969903058772954,shiller,0.05836324329691494,-0.14969903058772954,0.040661981718889635,-0.00829160168843892,-3.1050674729258394,0.050269881457040144,0.014514725360330286,0.03386002056064501,0.01934529520031472,-0.0014896405301942917,0.013025084830135994,-0.03724479662690415,20,0.5,0.01376990509523314,-0.036499976361807004,0.08122826690562795,20.0,0.03278070185345755
1931,15.98,0.82,2.43,3.34,15.9,16.705478731547615,-0.07275935428242843,3.34,0.02400945246035187,0.03285433687094718,0.008844884410595312,-2.815736733377592,0.11342133600131807,-0.2970560791998768,shiller,0.11342133600131807,-0.2970560791998768,0.02400945246035187,0.008844884410595312,-2.815736733377592,0.06256177699817776,0.011544925238325777,0.02864678164697685,0.017101856408651073,0.00420755522397033,0.015752480462296107,-0.04680929653588166,20,0.5,0.013648702850310942,-0.04891307414786682,0.01607274774875489,20.0,-0.034197133708285254
1932,8.3,0.5,3.36,3.68,14.3,9.312406455177847,-0.10605957196032421,3.68,0.033047854046200344,0.036139046615873194,0.00309119256967285,-2.2313475385736523,0.13006902442067608,-0.6205956713143197,shiller,0.13006902442067608,-0.6205956713143197,0.033047854046200344,0.00309119256967285,-2.2313475385736523,0.08983416505326433,0.016865270548013376,0.03280569372480321,0.01594042317678983,0.0033333528910699864,0.020198623439083362,-0.06963554161418097,20,0.5,0.01853194699354837,-0.07130221805971595,-0.07913293587120018,20.0,-0.14169471286937796
1933,7.09,0.44,1.46,3.31,12.9,8.72804616281353,-0.10303222589823519,3.31,0.014494446150452565,0.03256399087326267,0.018069544722810107,-2.166541537565079,0.13608007994443552,-0.13040832703695046,shiller,0.13608007994443552,-0.13040832703695046,0.014494446150452565,0.018069544722810107,-2.166541537565079,0.05944289821868817,0.01374772715875539,0.030980467444891135,0.017232740286135743,0.001583523428371536,0.015331250587126926,-0.044111647631561245,20,0.5,0.014539488872941158,-0.04490340934574701,0.09438865128508539,20.0,0.004554486231821059
1934,10.54,0.45,1.01,3.12,13.2,13.02511982833238,0.022989518224698562,3.12,0.01004933585300144,0.030723172642840583,0.020673836789839143,-2.56687978746908,-0.008495072074245998,0.42380598172104117,shiller,-0.008495072074245998,0.42380598172104117,0.01004933585300144,0.020673836789839143,-2.56687978746908,-0.027480913540291422,0.009483195520284865,0.0354171350382607,0.02593393951797584,-0.00469396239542012,0.004789233124864746,0.032270146665156166,20,0.5,0.0071362143225748055,0.03461712786286623,0.15520170532990188,20.0,0.0957588071112137
1935,9.26,0.47,0.75,2.79,13.6,11.495907968201605,0.02985296314968113,2.79,0.007472014838700995,0.027517886036739245,0.020045871198038252,-2.4419911431950623,-0.01980362729667969,-0.09001298276830394,shiller,-0.01980362729667969,-0.09001298276830394,0.007472014838700995,0.020045871198038252,-2.4419911431950623,-0.014634668458287294,0.007674063065056029,0.031309551943219174,0.023635488878163146,-0.003791665906479929,0.0038823971585761003,0.018517065616863393,20,0.5,0.005778230111816065,0.02041289857010336,0.032937914326990864,20.0,0.06041882786728228
1936,13.76,0.72,0.75,2.65,13.8,17.087359845997245,0.014598799421152851,2.65,0.007472014838700995,0.02615495747685121,0.018682942638150214,-2.8383389998802047,-0.0071267845824518564,0.43959232346078136,shiller,-0.0071267845824518564,0.43959232346078136,0.007472014838700995,0.018682942638150214,-2.8383389998802047,-0.02739174897124062,0.007466653460432691,0.0319022719062607,0.02443561844582801,-0.0057473144294094905,0.0017193390310232008,0.02911108800226382,20,0.5,0.004592996245727946,0.03198474521696856,0.028297673567490328,20.0,0.04293234202577762
1937,17.59,0.8,0.88,2.68,14.1,21.618741582953504,0.021506205220963463,2.68,0.008761505668572752,0.026447170014848295,0.017685664346275543,-3.0735606043631565,-0.014034190382262468,0.2825691912723312,shiller,-0.014034190382262468,0.2825691912723312,0.008761505668572752,0.017685664346275543,-3.0735606043631565,-0.02483506622564931,0.005643771398362411,0.02975622645928135,0.024112455060918938,-0.003309056444433054,0.0023347149539293573,0.02716978117957867,20,0.5,0.003989243176145884,0.028824309401795194,0.016064304567787124,20.0,0.04345605353902775
1938,11.31,0.51,0.88,2.56,14.2,13.511461918562416,0.007067167223092353,2.56,0.008761505668572752,0.02527780718426854,0.01651630151569579,-2.6035383562260628,0.0016943384454803992,-0.40629905244008735,shiller,0.0016943384454803992,-0.40629905244008735,0.008761505668572752,0.01651630151569579,-2.6035383562260628,0.008138741607146636,0.006470716379815769,0.026969121808842596,0.020498405429026825,-0.001691314624574055,0.004779401755241714,-0.0033593398519049227,20,0.5,0.005625059067528741,-0.0025136825396178952,-0.027091258760128384,20.0,-0.0022561925344790727
1939,12.5,0.62,0.56,2.36,14.0,15.599634410919277,-0.014184634991956413,2.36,0.005584378293900615,0.02332582530349669,0.017741447009596074,-2.7472474787834007,0.022946140660529163,0.13968898771934105,shiller,0.022946140660529163,0.13968898771934105,0.005584378293900615,0.017741447009596074,-2.7472474787834007,-0.0033498017146099367,0.007145619525862136,0.02814060555721672,0.020994986031354586,-0.004814780253720029,0.002330839272142107,0.005680640986752044,20,0.5,0.004738229399002121,0.008088031113612058,0.022474822769534525,20.0,0.014336081162387888
1940,12.3,0.67,0.56,2.21,13.9,16.378480342613663,-0.007168489478612516,2.21,0.005584378293900615,0.021859334352893518,0.0162749560589929,-2.7959682989448296,0.012752867772513131,0.03132597572619654,shiller,0.012752867772513131,0.03132597572619654,0.005584378293900615,0.0162749560589929,-2.7959682989448296,-0.0031241735507826288,0.0063927646038235905,0.026973402514801993,0.020580637910978403,-0.005114068161908476,0.001278696441915115,0.004402869992697744,20,0.5,0.0038357305228693527,0.0069599040736519815,0.021885708045524713,20.0,0.02523550976013465
1941,10.55,0.71,0.53,1.95,14.1,13.90415826795083,0.014285957247476434,1.95,0.005286004429237356,0.01931231103237281,0.014026306603135455,-2.6321879513661073,-0.008701578953575819,-0.09392701796072803,shiller,-0.008701578953575819,-0.09392701796072803,0.005286004429237356,0.014026306603135455,-2.6321879513661073,-0.005919573729218662,0.006736916300011465,0.027141276484658285,0.02040436018464682,-0.007828965452285473,-0.001092049152274008,0.004827524576944654,20,0.5,0.0028224335738687286,0.008742007303087392,0.023088372553881215,20.0,0.026212546104663843
1942,8.93,0.59,0.63,2.46,15.7,10.101686431929254,0.10748591497013972,2.46,0.006280237957150484,0.024302292522964862,0.018022054565814377,-2.3127023833670393,-0.10219991054090237,-0.10801701554803904,shiller,-0.10219991054090237,-0.10801701554803904,0.006280237957150484,0.018022054565814377,-2.3127023833670393,-0.048342493043103923,0.006901892194774999,0.033588767866152655,0.026686875671377657,-0.009286475343187793,-0.0023845831484127942,0.04595790989469113,20,0.5,0.0022586545231811023,0.050601147566285025,0.013534235536933635,20.0,0.019453809266152297
1943,10.09,0.61,0.69,2.47,16.9,10.150534220432078,0.0736529095747654,2.47,0.0068763039394321565,0.02439988682353518,0.017523582884103023,-2.3175263366576364,-0.06737267161761493,0.17454710862230233,shiller,-0.06737267161761493,0.17454710862230233,0.0068763039394321565,0.017523582884103023,-2.3175263366576364,-0.04211923561773909,0.008708994845749485,0.03476605010620274,0.026057055260453255,-0.01036616328266756,-0.0016571684369180752,0.040462067180821015,20,0.5,0.003525913204415705,0.04564514882215479,-0.021819260420276362,20.0,0.02652323262282756
1944,11.85,0.64,0.72,2.48,17.4,11.05241276397747,0.029156584291455487,2.48,0.007174203748000358,0.024497471600387438,0.01732326785238708,-2.402648753810159,-0.02228028035202333,0.20650718583253666,shiller,-0.02228028035202333,0.20650718583253666,0.007174203748000358,0.01732326785238708,-2.402648753810159,-0.023489667316552058,0.009167745254949127,0.03310533072994178,0.023937585474992654,-0.008607859129554345,0.0005598861253947821,0.02404955344194684,20,0.5,0.004863815690171955,0.028353483006724012,-0.021894234024953038,20.0,0.02022500159278605
1945,13.49,0.66,0.75,2.37,17.8,11.960463439806988,0.02272825107755631,2.37,0.007472014838700995,0.023423514943588058,0.015951500104887065,-2.481606496919498,-0.015554047329555952,0.17021255276010616,shiller,-0.015554047329555952,0.17021255276010616,0.007472014838700995,0.015951500104887065,-2.481606496919498,-0.018402528129261308,0.008844575512297111,0.031912377300343533,0.023067801788046422,-0.008488862356755476,0.0003557131555416357,0.018758241284802944,20,0.5,0.0046001443339193735,0.023002672463180683,0.009873571458970998,20.0,0.03336323877552305
1946,18.02,0.71,0.76,2.19,18.2,15.623163177761654,0.02222313678471004,2.19,0.007571265496318075,0.021663639636026324,0.01409237413970825,-2.7487546320888896,-0.014751121946009046,0.3207058313976317,shiller,-0.014751121946009046,0.3207058313976317,0.007571265496318075,0.01409237413970825,-2.7487546320888896,-0.022596085789639616,0.007914218861030513,0.030829291045950696,0.022915072184920185,-0.009165651409924373,-0.0012514325488938594,0.021344653240745755,20,0.5,0.003331393156068327,0.025927478945707943,0.028706416713089253,20.0,0.047108944842350564
1947,15.21,0.84,1.01,2.25,21.5,11.46929633473557,0.16663134105086747,2.25,0.01004933585300144,0.022250608934819758,0.012201273081818318,-2.4396735809364274,-0.1590600755545494,-0.12334466810048499,shiller,-0.1590600755545494,-0.12334466810048499,0.01004933585300144,0.012201273081818318,-2.4396735809364274,-0.06759736892578865,0.006400425654740543,0.034937217317894155,0.02853679166315361,-0.012686608383074397,-0.006286182728333854,0.06131118619745479,20,0.5,5.712146320334486e-05,0.06765449038899199,0.06554255532050299,20.0,0.08813864111014261
1948,14.83,0.93,1.35,2.44,23.7,10.41934265732032,0.09742211300746831,2.44,0.013409686909917676,0.024107075343233125,0.010697388433315448,-2.343663949625155,-0.08737277715446687,0.025472642305530036,shiller,-0.08737277715446687,0.025472642305530036,0.013409686909917676,0.010697388433315448,-2.343663949625155,-0.03880962296954707,0.009702209671552296,0.03576732528057554,0.02606511560902324,-0.011660249937342413,-0.0019580402657901168,0.03685158270375695,20,0.5,0.0038720847028810897,0.04268170767242816,-0.07242718009067381,20.0,-0.004829811164885164
1949,15.36,1.14,1.58,2.31,24.0,10.24828575803897,0.012578782206860185,2.31,0.01567647938500758,0.022837233902757225,0.007160754517749644,-2.327110448479578,0.0008309047030574911,0.09329853784677661,shiller,0.0008309047030574911,0.09329853784677661,0.01567647938500758,0.007160754517749644,-2.327110448479578,0.0010906978901828925,0.012444587741082761,0.03390396011481718,0.02145937237373442,-0.011066726212059955,0.0013778615290228058,0.00028716363883991326,20,0.5,0.0069112246350527835,0.005820526744869891,-0.05387157400838108,20.0,-0.01506195103883401
1950,16.88,1.47,1.32,2.32,23.5,10.745733299747899,-0.02105340919783238,2.32,0.013113639145383105,0.022934971282495883,0.009821332137112778,-2.374508773438054,0.03672988858283996,0.16218636739604553,shiller,0.03672988858283996,0.16218636739604553,0.013113639145383105,0.009821332137112778,-2.374508773438054,0.011555376984837324,0.012225062238372454,0.032307289391944445,0.02008222715357199,-0.009372318109448562,0.0028527441289238915,-0.008702632855913432,20,0.5,0.007538903183648173,-0.004016473801189151,-0.005014667788259625,20.0,-0.006105365678442517
1951,21.21,1.41,2.12,2.57,25.4,11.895759839437062,0.07774875287437763,2.57,0.02097840638519171,0.02537530633122824,0.00439689994603653,-2.476182020608157,-0.06463511372899453,0.27959134237478034,shiller,-0.06463511372899453,0.27959134237478034,0.02097840638519171,0.00439689994603653,-2.476182020608157,-0.031006668894483804,0.012442767163385162,0.038377142832242146,0.025934375668856986,-0.013001836501013907,-0.000559069337628745,0.03044759955685506,20,0.5,0.005941848912878208,0.03694851780736201,0.037882934328277496,20.0,0.026327557343440174
1952,24.19,1.41,2.39,2.68,26.5,12.527059748172302,0.042395558967685765,2.68,0.023618865598633996,0.026447170014848295,0.0028283044162142994,-2.5278910844022335,-0.021417152582494055,0.16714117652373406,shiller,-0.021417152582494055,0.16714117652373406,0.023618865598633996,0.0028283044162142994,-2.5278910844022335,-0.0065026526614994536,0.013185397689071718,0.036763497508008405,0.023578099818936687,-0.01031632749316011,0.0028690701959116077,0.009371722857411061,20,0.5,0.008027233942491663,0.014529886603991116,-0.03368046664977742,20.0,-0.0026737977552936144
1953,26.18,1.45,2.58,2.83,26.6,13.010773447995184,0.0037664827954768648,2.83,0.025472795973031023,0.027906953253007877,0.0024341572799768535,-2.5657777410259706,0.019852382803157133,0.10934394871475514,shiller,0.019852382803157133,0.10934394871475514,0.025472795973031023,0.0024341572799768535,-2.5657777410259706,0.014195270305024613,0.01390184347756102,0.035598832042346866,0.021696988564785843,-0.007691878789338989,0.0062099646882220316,-0.007985305616802581,20,0.5,0.010055904082891526,-0.0041393662221330865,-0.03051749872510573,20.0,-0.024014846063606276
1954,25.46,1.54,1.8,2.48,26.9,12.002650554927829,0.011215070820140003,2.48,0.017839918128331002,0.024497471600387438,0.006657553472056436,-2.485127504975017,0.01425772515289102,0.00536830954954421,shiller,0.01425772515289102,0.00536830954954421,0.017839918128331002,0.006657553472056436,-2.485127504975017,0.010312119182779887,0.01187142688734258,0.0327099608551479,0.02083853396780532,-0.008212489254760463,0.003658937632582118,-0.006653181550197769,20,0.5,0.007765182259962349,-0.0025469369228175373,0.053579618718545885,20.0,0.03938434841352127
1955,35.6,1.64,1.81,2.61,26.7,15.990781062969836,-0.0074627212015896,2.61,0.017938145131012995,0.02576520788602641,0.007827062755013416,-2.7720123726178567,0.025302639329920603,0.36243494115127484,shiller,0.025302639329920603,0.36243494115127484,0.017938145131012995,0.007827062755013416,-2.7720123726178567,0.0010510141493960661,0.011476036087518928,0.033434877621552964,0.021958841534034036,-0.007669669735526553,0.0038063663519923747,0.0027553522025963086,20,0.5,0.007641201219755651,0.006590187070359585,0.010120822023889614,20.0,-0.00019129715889027246
1956,44.15,1.74,3.21,2.9,26.8,18.292585385418896,0.003738322110607158,2.9,0.03159556158975056,0.02858745685191255,-0.0030081047378380105,-2.906495807548065,0.014199823020405837,0.2359634454177444,shiller,0.014199823020405837,0.2359634454177444,0.03159556158975056,-0.0030081047378380105,-2.906495807548065,0.012059490634683128,0.01395020643919584,0.03621505919928501,0.022264852760089174,-0.007627602347372461,0.006322604091823378,-0.00573688654285975,20,0.5,0.010136405265509608,-0.0019230853691735196,-0.03976767564956954,20.0,-0.04081868979896561
1957,45.43,1.79,3.86,3.46,27.6,16.717780078533004,0.029413885206293407,3.46,0.037873652428081515,0.034014878587277655,-0.00385877384080386,-2.8164728284191156,0.0021816763834571554,0.03562904301764726,shiller,0.0021816763834571554,0.03562904301764726,0.037873652428081515,-0.00385877384080386,-2.8164728284191156,0.01609287180267372,0.015016097278603095,0.038632652324671,0.023616555046067907,-0.004617773737393346,0.010398323541209748,-0.005694548261463973,20,0.5,0.012707210409906421,-0.0033856613927672995,-0.03870889247802983,20.0,-0.050768383112712964
1958,41.12,1.75,2.54,3.09,28.6,13.788431552307637,0.03559094510270253,3.09,0.025082780367463156,0.03043220712020198,0.0053494267527388235,-2.6238299472877906,0.0022827073253789826,-0.09587405158950779,shiller,0.0022827073253789826,-0.09587405158950779,0.025082780367463156,0.0053494267527388235,-2.6238299472877906,0.010762646280962573,0.012104391939739138,0.03470116948368929,0.022596777543950147,-0.004268962363487307,0.00783542957625183,-0.0029272167047107427,20,0.5,0.009969910757995484,-0.000792735522967089,0.06471590379621422,20.0,0.048623031993540504
1959,55.62,1.83,3.74,4.02,29.0,17.98033934299339,0.013889112160667093,4.02,0.03671758293516277,0.039413002356835036,0.002695419421672264,-2.889278902224295,0.011193668206796063,0.3093376027803918,shiller,0.011193668206796063,0.3093376027803918,0.03671758293516277,0.002695419421672264,-2.889278902224295,0.004856064927687075,0.014857573985145287,0.040873990415962236,0.02601641643081695,-0.0014609880591271995,0.013396585926018088,0.008540520998331013,20,0.5,0.014127079955581687,0.009271015027894612,-0.06901630399614239,20.0,-0.07977895027710497
1960,58.03,1.95,4.28,4.72,29.3,18.33828499437557,0.010291686036547724,4.72,0.04190940307720962,0.04611993561355312,0.0042105325363435,-2.908990950698765,0.026425896898615048,0.038750741579881655,shiller,0.026425896898615048,0.038750741579881655,0.04190940307720962,0.0042105325363435,-2.908990950698765,0.020643030254005774,0.014989613660090337,0.04116651688342625,0.026176903223335914,0.00495341873012687,0.019943032390217205,-0.0006999978637885693,20,0.5,0.017466323025153774,-0.0031767072288520007,-0.04931853836628797,20.0,-0.05417460329397504
1961,59.72,2.02,2.91,3.84,29.8,18.470416986477172,0.016920877488337177,3.84,0.028684633859908954,0.03768106696768849,0.008996433107779537,-2.916170370376293,0.02498852558887244,0.02006249779428681,shiller,0.02498852558887244,0.02006249779428681,0.028684633859908954,0.008996433107779537,-2.916170370376293,0.013587915543328208,0.01151925075795494,0.03553160738302742,0.024012356625072482,0.002149459584661069,0.013668710342616009,8.079479928780123e-05,20,0.5,0.012593980550285475,-0.0009939349930427333,0.11004083004765147,20.0,0.0893977997936457
1962,69.07,2.13,3.39,4.08,30.0,21.197931400015225,0.006688988150796489,4.08,0.03333805961051037,0.03998964821615847,0.006651588605648101,-3.0539036014461907,0.021995645709112464,0.14714121188703141,shiller,0.021995645709112464,0.14714121188703141,0.03333805961051037,0.006651588605648101,-3.0539036014461907,0.010469102778798593,0.012295033386078312,0.0374304941526254,0.025135460766547088,0.0025591540635330687,0.01485418744961138,0.004385084670812788,20,0.5,0.013574610417844846,0.003105507639046254,-0.006037986933342565,20.0,-0.019625902476670773
1963,65.06,2.28,3.5,3.83,30.4,19.259231693254044,0.013245226750020505,3.83,0.0344014267173324,0.03758476032727121,0.0031833336099388113,-2.9579905142583103,0.020092832860489865,-0.05870412897846332,shiller,0.020092832860489865,-0.05870412897846332,0.0344014267173324,0.0031833336099388113,-2.9579905142583103,0.020061703195216156,0.01266698932382524,0.03630756185705815,0.023640572533232908,0.0012771984702130632,0.013944187794038302,-0.0061175154011778535,20,0.5,0.01330558855893177,-0.006756114636284385,0.018686025737193246,20.0,0.008216922958394653
1964,76.45,2.5,4.09,4.17,30.9,21.627216196980925,0.016313575491523787,4.17,0.04008572353928564,0.04085399400826605,0.0007682704689804115,-3.0739525306642927,0.018087851225808613,0.1591033929391133,shiller,0.018087851225808613,0.1591033929391133,0.04008572353928564,0.0007682704689804115,-3.0739525306642927,0.014676261025574984,0.014165249966454348,0.039505677790010706,0.025340427823556357,0.0013483162182553465,0.015513566184709695,0.0008373051591347106,20,0.5,0.014839408075582022,0.00016314705000703734,-0.01583698225742297,20.0,-0.03589868545263913
1965,86.12,2.72,4.46,4.19,31.2,23.26933508192246,0.00966191091173689,4.19,0.04363403702006131,0.04104596943600098,-0.0025880675840603273,-3.147136402858789,0.03042381262754875,0.11011434311186985,shiller,0.03042381262754875,0.11011434311186985,0.04363403702006131,-0.0025880675840603273,-3.147136402858789,0.025067323195687934,0.014825521400640057,0.039239007285670716,0.02441348588503066,0.0018069621503302644,0.01663248355097032,-0.008434839644717612,20,0.5,0.01572900247580519,-0.009338320719882744,-0.0020628855286581316,20.0,-0.016739146554233114
1966,93.32,2.87,5.44,4.61,31.8,24.058483388421738,0.01904819497069463,4.61,0.052971884766105724,0.04506896336757812,-0.007902921398527607,-3.1804876739970838,0.024585842049366678,0.06694969264830053,shiller,0.024585842049366678,0.06694969264830053,0.052971884766105724,-0.007902921398527607,-3.1804876739970838,0.030396334922094703,0.016883975701665457,0.04229703174137281,0.025413056039707352,0.002771931626205308,0.019655907327870765,-0.010740427594223938,20,0.5,0.01826994151476811,-0.012126393407326592,-0.032548839264490315,20.0,-0.05761616246017825
1967,84.45,2.92,5.55,4.58,32.9,20.43224212538428,0.03400636798519494,4.58,0.05401458830623825,0.044782142771893185,-0.009232445534345067,-3.0171141495226452,0.018965516780910782,-0.11885435760933155,shiller,0.018965516780910782,-0.11885435760933155,0.05401458830623825,-0.009232445534345067,-3.0171141495226452,0.03617038463600433,0.017487476268469474,0.04238925331517736,0.024901777046707884,0.002392889456715827,0.0198803657251853,-0.01629001891081903,20,0.5,0.018683920996827388,-0.017486463639176945,0.010404331355641894,20.0,-0.01999200356645281
1968,95.04,3.07,6.17,5.53,34.1,21.511535896332177,0.03582472651814501,5.53,0.059871397037390334,0.05382508669490746,-0.006046310342482875,-3.06858934455813,0.018189861788093245,0.09591506661525198,shiller,0.018189861788093245,0.09591506661525198,0.059871397037390334,-0.006046310342482875,-3.06858934455813,0.027124849933027793,0.018917318327089497,0.04735787933704928,0.028440561009959786,0.006467207357858176,0.025384525684947673,-0.0017403242480801204,20,0.5,0.022150922006018585,-0.0049739279270092085,-0.047189098177805366,20.0,-0.0833594828138097
1969,102.04,3.16,8.05,6.04,35.6,21.19496807284715,0.04304825356851363,6.04,0.07742389696480362,0.058646195432733424,-0.018777701532070194,-3.053763798450418,0.016823143468876707,0.041694047651884295,shiller,0.016823143468876707,0.041694047651884295,0.07742389696480362,-0.018777701532070194,-3.053763798450418,0.042970374031579404,0.023806163316511073,0.05288850279889162,0.02908233948238055,0.0057576926338418,0.029563855950352873,-0.013406518081226532,20,0.5,0.026685009633431973,-0.016285364398147432,-0.0639967429148357,20.0,-0.0911215928478635
1970,90.31,3.14,9.11,7.79,37.8,17.09054139514021,0.05996346476755706,7.79,0.087186361678916,0.07501470380544567,-0.012171657873470326,-2.8385251756860104,0.017460432197246557,-0.16536225633684248,shiller,0.017460432197246557,-0.16536225633684248,0.087186361678916,-0.012171657873470326,-2.8385251756860104,0.04797069526249775,0.02592504860802634,0.05918716374779187,0.03326211513976553,0.0158275400576538,0.04175258866568014,-0.00621810659681761,20,0.5,0.03383881863685324,-0.01413187662564451,-0.10923736143157214,20.0,-0.15220773546315156
1971,93.49,3.07,5.66,6.24,39.8,16.461793943491944,0.051557809664850116,6.24,0.05505620574807841,0.060530499740032356,0.005474293991953948,-2.8010421773716354,0.03562855201406588,-0.020269981152347447,shiller,0.03562855201406588,-0.020269981152347447,0.05505620574807841,0.005474293991953948,-2.8010421773716354,0.02914962685884532,0.018364871522564115,0.04802692118751096,0.029662049664946843,0.012503578552521398,0.030868450075085513,0.0017188232162401937,20,0.5,0.024616660798824814,-0.004532966060020505,0.20905981755939335,20.0,0.1610891222968956
1972,103.3,3.15,4.62,5.95,41.1,17.262996797035175,0.03214120921179699,5.95,0.04516455195437364,0.05779709872621672,0.012632546771843077,-2.848565297295101,0.022914996536281422,0.07476470688818582,shiller,0.022914996536281422,0.07476470688818582,0.04516455195437364,0.012632546771843077,-2.848565297295101,0.011981876657251327,0.015362384606397123,0.045554587860747724,0.0301922032543506,0.012242510865468993,0.027604895471866116,0.01562301881461479,20,0.5,0.02148364003913162,0.009501763381880293,0.08414405523299551,20.0,0.05499442837415019
1973,118.42,3.38,7.93,6.46,42.6,18.712530467302436,0.03584613177313588,6.46,0.07631268284916358,0.06259914175651997,-0.01371354109264361,-2.929193377923576,0.009318420181237762,0.11957842719583023,shiller,0.009318420181237762,0.11957842719583023,0.07631268284916358,-0.01371354109264361,-2.929193377923576,0.03308558046893098,0.02403510441827038,0.05518532540509611,0.031150220986825728,0.007413816351423859,0.031448920769694244,-0.0016366596992367366,20,0.5,0.02774201259398231,-0.0053435678749486695,-0.09742543850303154,20.0,-0.10940731516028286
1974,96.11,3.6,11.03,6.99,46.6,13.530721892513949,0.08974628785627548,6.99,0.10463024907808292,0.06756518616242381,-0.037065062915659114,-2.6049627957123613,-0.013433605007111896,-0.24828433711209213,shiller,-0.013433605007111896,-0.24828433711209213,0.10463024907808292,-0.037065062915659114,-2.6049627957123613,0.06255125387939545,0.032694196115356025,0.06401818111267987,0.03132398499732385,0.003547005049743937,0.03624120116509996,-0.026310052714295484,20,0.5,0.034467698640227994,-0.028083555239167453,-0.10004602228468562,20.0,-0.1331316027536166
1975,72.56,3.68,7.24,7.5,52.1,8.920995508404248,0.11156440762772109,7.5,0.06989912737966718,0.07232066157962612,0.0024215341999589413,-2.1884075444458397,-0.006934158549638164,-0.33623735856732917,shiller,-0.006934158549638164,-0.33623735856732917,0.06989912737966718,0.0024215341999589413,-2.1884075444458397,0.029439148315922287,0.0238557947367407,0.0578417700632473,0.0339859753265066,0.014478891516378822,0.03833468625311952,0.008895537937197232,20,0.5,0.03109524049493011,0.0016560921790078238,0.09854440340088777,20.0,0.035993149521492324
1976,96.86,4.05,5.7,7.74,55.6,11.18505136262215,0.06501825249721555,7.74,0.055434706888100586,0.07455073126429633,0.019116024376195744,-2.4145781870300875,0.004880874882451633,0.25991609728988896,shiller,0.004880874882451633,0.25991609728988896,0.055434706888100586,0.019116024376195744,-2.4145781870300875,-0.0035084687553803076,0.02011341749757172,0.05710817176334151,0.036994754265769786,0.017442559500954823,0.037555976998526544,0.04106444575390685,20,0.5,0.028834697248049133,0.032343166003429444,0.07404556218566871,20.0,0.044606413869746425
1977,103.81,4.67,5.28,7.21,58.5,11.437961346787555,0.05084355298127402,7.21,0.051453281588915704,0.069619341880057,0.018166060291141296,-2.436937766119304,0.004591153906826566,0.0578644803289018,shiller,0.004591153906826566,0.0578644803289018,0.051453281588915704,0.018166060291141296,-2.436937766119304,0.0029806636056694796,0.018441026899898218,0.05322984955900776,0.03478882265910954,0.01638949232104924,0.03483051922094746,0.03184985561527798,20,0.5,0.02663577306042284,0.02365510945475336,0.07061425681294875,20.0,0.07412272556832905
1978,90.25,5.07,7.78,7.96,62.5,9.241462260934693,0.06613980250454499,7.96,0.07492192651725926,0.07659060216171255,0.0016686756444532908,-2.223700126480763,-0.014686520915629282,-0.13677593456352846,shiller,-0.014686520915629282,-0.13677593456352846,0.07492192651725926,0.0016686756444532908,-2.223700126480763,0.020934533790704143,0.02539684002061332,0.061687411367464626,0.036290571346851305,0.014903190794247928,0.04030003081486125,0.019365497024157106,20,0.5,0.032848435417737284,0.011913901627033142,-0.09140481172855164,20.0,-0.09438547533422112
1979,99.71,5.65,10.88,9.1,68.3,9.257636919139975,0.08874320983438856,9.1,0.10327834945350174,0.08709470685093376,-0.01618364260256798,-2.2254488237734904,-0.013821283317129299,0.07987753370477599,shiller,-0.013821283317129299,0.07987753370477599,0.10327834945350174,-0.01618364260256798,-2.2254488237734904,0.035236996490248265,0.034055996296115554,0.07328095067269029,0.039224954376574736,0.013813756178243472,0.047869752474359026,0.01263275598411076,20,0.5,0.04096287438523729,0.005725877894989025,-0.12132590496476281,20.0,-0.14226043875546696
1980,110.87,6.16,11.37,10.8,77.8,8.850934180729109,0.1302316646076016,10.8,0.10768780541691743,0.10255658832509208,-0.005131217091825346,-2.180523010593607,-0.026953315154099863,0.056885989892471525,shiller,-0.026953315154099863,0.056885989892471525,0.10768780541691743,-0.005131217091825346,-2.180523010593607,0.022420792622221318,0.03394616313831989,0.0786157509699633,0.04466958783164341,0.02394083735512878,0.05788700049344867,0.035466207871227354,20,0.5,0.04591658181588428,0.023495789193662964,-0.05315756679705552,20.0,-0.08839456328730379
1981,132.97,6.63,17.63,12.57,87.0,9.259404530877953,0.11176668747023785,12.57,0.1623739189842586,0.11840506437862126,-0.043968854605637334,-2.22563974106966,-0.004078882053320423,0.1227350411270944,shiller,-0.004078882053320423,0.1227350411270944,0.1623739189842586,-0.043968854605637334,-2.22563974106966,0.07471464476011926,0.04986803514402594,0.09633435226644274,0.0464663171224168,0.022070712112178523,0.07193874725620447,-0.0027758975039147843,20,0.5,0.0609033912001152,-0.013811253560004053,-0.23883279648450317,20.0,-0.26125358910672447
1982,117.28,6.87,14.6,14.59,94.3,7.388659973375994,0.08057307098482801,14.59,0.13627761829254784,0.13619035445026548,-8.726384228235906e-05,-1.9999463887988085,0.08180084799943059,-0.2310069458986974,shiller,0.08180084799943059,-0.2310069458986974,0.13627761829254784,-8.726384228235906e-05,-1.9999463887988085,0.08321330488712812,0.04170613499528501,0.08969159590024792,0.047985460904962904,0.04649875855001756,0.08820489354530257,0.004991588658174451,20,0.5,0.0649555142702938,-0.01825779061683433,-0.01608694713327785,20.0,-0.09080159189339711
1983,144.27,7.09,9.37,10.46,97.8,8.75678322413474,0.0364433874013599,10.46,0.08956644335904303,0.09948327848495013,0.009916835125907103,-2.1698286256527513,0.09983423089118794,0.118819248872679,shiller,0.09983423089118794,0.118819248872679,0.08956644335904303,0.009916835125907103,-2.1698286256527513,0.05943074717942527,0.03112515936613252,0.06960191900125558,0.03847675963512306,0.029881359483694553,0.06100651884982707,0.0015757716704018002,20,0.5,0.046065839107979796,-0.013364908071445476,0.4238593423542597,20.0,0.34064603746713157
1984,166.39,7.53,11.11,11.67,101.9,9.894931809202536,0.04106736318790753,11.67,0.10535051560782596,0.11037790746960936,0.005027391861783401,-2.2920226875909178,0.048499080171135495,0.09734243605617517,shiller,0.048499080171135495,0.09734243605617517,0.10535051560782596,0.005027391861783401,-2.2920226875909178,0.044899512305052444,0.03325859319192935,0.0769844630756778,0.04372586988374845,0.03339344439393156,0.06665203758586091,0.02175252528080847,20,0.5,0.04995531538889513,0.005055803083842687,-0.02783421022941157,20.0,-0.08726495740883684
1985,171.61,7.9,8.35,11.38,105.5,9.997001177730452,0.03471901268744192,11.38,0.08019654199427668,0.10777759217343119,0.027581050179154507,-2.3022851657934242,0.07063150292038403,-0.029454029352262948,shiller,0.07063150292038403,-0.029454029352262948,0.08019654199427668,0.027581050179154507,-2.3022851657934242,0.0345076325912719,0.025518111795950187,0.06795920760974845,0.04244109581379826,0.03981838456368274,0.06533649635963293,0.030828863768361026,20,0.5,0.04542730407779155,0.01091967148651965,0.1359875302998631,20.0,0.09108801799481066
1986,208.19,8.28,7.31,9.19,109.6,11.715007584487985,0.03812642159779382,9.19,0.0705516559509447,0.08791929803788351,0.017367642086938806,-2.460870719376364,0.04207012039648286,0.15203096730327553,shiller,0.04207012039648286,0.15203096730327553,0.0705516559509447,0.017367642086938806,-2.460870719376364,0.021303743428214617,0.02353516278210652,0.06195046618069424,0.038415303398587716,0.02596883185718927,0.04950399463929579,0.028200251211081176,20,0.5,0.036519578710701155,0.015215835282486538,0.21467408605250915,20.0,0.18016645346123725
1987,264.51,8.81,6.25,7.08,111.2,14.922208103718946,0.014493007302566824,7.08,0.06062462181643484,0.0684060326640604,0.007781410847625556,-2.702850580053065,0.05605864864837788,0.2016404896739506,shiller,0.05605864864837788,0.2016404896739506,0.06062462181643484,0.007781410847625556,-2.702850580053065,0.030369270093230386,0.02116697955331067,0.05304098244499635,0.03187400289168568,0.015365050219064043,0.03653202977237471,0.006162759679144328,20,0.5,0.028849504662842692,-0.0015197654303876935,0.18225098562001196,20.0,0.16094724219179735
1988,250.48,9.75,7.63,8.67,115.7,13.898336683569136,0.03967025238314897,8.67,0.07352923328811549,0.08314558108666886,0.009616347798553374,-2.6317691699238717,0.020954369433285873,-0.07693782422492908,shiller,0.020954369433285873,-0.07693782422492908,0.07352923328811549,0.009616347798553374,-2.6317691699238717,0.026223365746517624,0.02260579882536435,0.059411298415990285,0.036805499590625936,0.023734282670678578,0.04634008149604293,0.020116715749525303,20,0.5,0.03447294016070364,0.008249574414186014,-0.07799576979651535,20.0,-0.10836503988974573
1989,285.41,11.06,9.29,9.09,121.1,15.088072442713273,0.04561601635941559,9.09,0.08883471370049074,0.08700304362157402,-0.0018316700789167278,-2.713904527225895,0.0279132169286999,0.09503772257398012,shiller,0.0279132169286999,0.09503772257398012,0.08883471370049074,-0.0018316700789167278,-2.713904527225895,0.03610801956463884,0.02725236920303087,0.06490537611282599,0.03765300690979512,0.02209766750874803,0.0493500367117789,0.013242017147140059,20,0.5,0.038301202957404884,0.0021931833927660432,-0.038264052976620055,20.0,-0.06448741872313768
1990,339.97,12.09,8.43,8.21,127.4,17.048843606878265,0.05071509257901643,8.21,0.0809346174959992,0.07890359759546595,-0.002031019900533254,-2.836082377785895,0.038119621121474316,0.12104015894603808,shiller,0.038119621121474316,0.12104015894603808,0.0809346174959992,-0.002031019900533254,-2.836082377785895,0.037556850419067006,0.025050757811982,0.05995635023364162,0.03490559242165962,0.018947247361824328,0.04399800517380632,0.006441154754739317,20,0.5,0.03452438149289416,-0.0030324689261728432,0.11006081078310859,20.0,0.07395279121846975
1991,325.5,12.2,6.92,8.09,134.6,15.606190118802367,0.05497567407256439,8.09,0.06691070528262688,0.07779402744002019,0.010883322157393308,-2.747667638037535,0.025958943423434813,-0.08763406852760414,shiller,0.025958943423434813,-0.08763406852760414,0.06691070528262688,0.010883322157393308,-2.747667638037535,0.025761279037794092,0.020357725702633528,0.055376097005856405,0.03501837130322288,0.022417930434163784,0.04277565613679731,0.01701437709900322,20,0.5,0.03156669091971542,0.005805411881921331,0.09072050238329021,20.0,0.05316365196422321
1992,416.08,12.39,3.91,7.03,138.1,19.77306821146265,0.025670643204618915,7.03,0.038354953876463996,0.06793898300819287,0.029584029131728876,-2.9843208204602822,0.04124006207800797,0.20794755698704082,shiller,0.04124006207800797,0.20794755698704082,0.038354953876463996,0.029584029131728876,-2.9843208204602822,-0.00046152266427609487,0.012240679983409237,0.04562061848072859,0.03337993849731935,0.02231836452746428,0.03455904451087352,0.03502056717514962,20,0.5,0.023399862247141377,0.023861384911417472,0.1867364356986223,20.0,0.1609751566608282
1993,435.23,12.58,3.44,6.6,142.6,20.32341080299572,0.03206544756494913,6.6,0.03382154847551067,0.0639133257436528,0.030091777268142127,-3.0117734631024304,0.006289506311514863,0.03513653197197707,shiller,0.006289506311514863,0.03513653197197707,0.03382154847551067,0.030091777268142127,-3.0117734631024304,-0.011520077325412399,0.009773722081224992,0.04309090792938051,0.03331718584815552,0.02082241781427229,0.030596139895497282,0.04211621722090968,20,0.5,0.02018493098836114,0.03170500831377354,0.08448355616396591,20.0,0.08494507882824201
1994,472.99,13.17,4.35,5.75,146.2,21.41197491382655,0.02493203933548262,5.75,0.04258044753511839,0.05590763193829599,0.013327184403177601,-3.0639503409363216,0.008889509140028052,0.07684161236215356,shiller,0.008889509140028052,0.07684161236215356,0.04258044753511839,0.013327184403177601,-3.0639503409363216,0.003787704391635432,0.013125317448275445,0.04342778118726651,0.030302463738991068,0.012479850751029475,0.02560516819930492,0.02181746380766949,20,0.5,0.019365242823790183,0.015577538432154751,0.03575900611520927,20.0,0.047279083440621664
1995,465.25,13.79,6.45,7.78,150.3,20.21911942245731,0.02765774944325075,7.78,0.06250520535139711,0.07492192651725926,0.012416721165862149,-3.0066286628149888,0.014922698091867637,-0.029870592923251275,shiller,0.014922698091867637,-0.029870592923251275,0.06250520535139711,0.012416721165862149,-3.0066286628149888,0.0157131825951508,0.01762707591656543,0.05256557728239354,0.034938501365828115,0.02235634923486572,0.03998342515143115,0.02427024255628035,20,0.5,0.02880525053399829,0.013092067938847492,-0.15999490367016383,20.0,-0.16378260806179926
1996,614.42,14.9,5.68,5.65,154.4,24.76246519464404,0.026913340831747044,5.65,0.05524547422597851,0.05496155807397434,-0.0002839161520041683,-3.2093290064565556,0.035591864519650074,0.23955977049846525,shiller,0.035591864519650074,0.23955977049846525,0.05524547422597851,-0.0002839161520041683,-3.2093290064565556,0.02356695344993367,0.017313178705872775,0.045973345907662236,0.02866016720178946,0.008988212166312105,0.02630139087218488,0.0027344374222512124,20,0.5,0.021807284789028828,-0.0017596686609048402,0.16176659968841806,20.0,0.14605341709326725
1997,766.22,15.5,5.78,6.58,159.1,28.332870129950386,0.02998629775306528,6.58,0.0561912796497425,0.06372569088054482,0.0075344112308023195,-3.3440226193338787,0.02525917647291323,0.18557241254890952,shiller,0.02525917647291323,0.18557241254890952,0.0561912796497425,0.0075344112308023195,-3.3440226193338787,0.014200822744022523,0.015546384291502426,0.04728282921534535,0.03173644492384292,0.016442861665199468,0.0319892459567019,0.017788423212679375,20,0.5,0.02376781512410216,0.009566992380079638,-0.0154427915773645,20.0,-0.03900974502729817
1998,963.36,16.2,5.68,5.54,161.6,32.85996841505224,0.015591210743253831,5.54,0.05524547422597851,0.05391984198943043,-0.00132563223654808,-3.4922551514112237,0.040600068906488665,0.18944287683043698,shiller,0.040600068906488665,0.18944287683043698,0.05524547422597851,-0.00132563223654808,-3.4922551514112237,0.027281207637284446,0.015516648910198489,0.04327867586191169,0.027762026951713203,0.01064116612751874,0.026157815037717226,-0.0011233925995672196,20,0.5,0.020837231973957857,-0.006443975663326589,0.07944889497684393,20.0,0.0652480722328214
1999,1248.77,16.69,5.31,4.72,164.3,40.57695767720813,0.01656987895622746,4.72,0.05173819540441443,0.04611993561355312,-0.005618259790861314,-3.703200360596768,0.03867559526975105,0.21751832348346203,shiller,0.03867559526975105,0.21751832348346203,0.05173819540441443,-0.005618259790861314,-3.703200360596768,0.02739245681812564,0.01388549044348598,0.039367209851126225,0.025481719407640248,0.0067527257624268935,0.02063821620591287,-0.006754240612212768,20,0.5,0.017261853324699428,-0.010130603493426212,0.088769426309868,20.0,0.061488218672583556
2000,1425.59,16.27,6.61,6.66,168.8,43.77257814693801,0.027020557118634443,6.66,0.06400712997429238,0.0644760191843648,0.0004688892100724179,-3.7790075516143142,0.02471763828577999,0.09203668449803024,shiller,0.02471763828577999,0.09203668449803024,0.06400712997429238,0.0004688892100724179,-3.7790075516143142,0.02316465367275823,0.014793316918352565,0.04590538307011323,0.031112066151760664,0.018570636114251568,0.03336395303260413,0.010199299359845898,20,0.5,0.02407863497547835,0.0009139813027201175,-0.11225699804010009,20.0,-0.13964945485822572
2001,1335.63,15.74,4.63,5.16,175.1,36.97886799702982,0.03664265712994936,5.16,0.04526013140486457,0.050312813873589095,0.005052682468724527,-3.6103466142689697,0.02736447284434302,-0.11747400040504727,shiller,0.02736447284434302,-0.11747400040504727,0.04526013140486457,0.005052682468724527,-3.6103466142689697,0.023889202807138788,0.010622915159920383,0.03708425500906965,0.02646133984914927,0.013228558864519444,0.023851474024439826,-3.772878269896196e-05,20,0.5,0.017237194592180104,-0.006652008214958684,0.15406600225814499,20.0,0.13090134858538677
2002,1140.21,16.07,1.85,5.04,177.1,30.27720443309601,0.01135730549698158,5.04,0.01833095668472346,0.04917104400644938,0.03084008732172592,-3.4103951004331607,0.03390282590788299,-0.18945526660102532,shiller,0.03390282590788299,-0.18945526660102532,0.01833095668472346,0.03084008732172592,-3.4103951004331607,0.002499262128937793,0.003454462190531619,0.030257590301199084,0.026803128110667464,0.018913453705250296,0.022367915895781916,0.019868653766844123,20,0.5,0.012911189043156766,0.010411926914218973,0.09943130002362355,20.0,0.07554209721648476
2003,895.84,17.39,1.18,4.05,181.7,22.898348576613227,0.025642430613337652,4.05,0.011730922875698666,0.03970136685155207,0.027970443975853403,-3.13106479340144,-0.007311473928614191,-0.24031092600769383,shiller,-0.007311473928614191,-0.24031092600769383,0.011730922875698666,0.027970443975853403,-3.13106479340144,-0.012050371355683528,0.003144117188946417,0.02909931835851119,0.025955201169564773,0.010602048493040878,0.013746165681987296,0.025796537037670826,20,0.5,0.008445141435466857,0.020495512791150385,0.09776609358926508,20.0,0.09526683146032729
2004,1132.52,19.44,1.49,4.15,185.2,27.658540355736587,0.019079346809953476,4.15,0.01479008547263543,0.040661981718889635,0.025871896246254203,-3.319934553901899,-0.00734842393425481,0.23972736995450217,shiller,-0.00734842393425481,0.23972736995450217,0.01479008547263543,0.025871896246254203,-3.319934553901899,-0.02662116596275951,0.0045822062714126035,0.03248168749112999,0.02789948121971739,0.008180294227759642,0.012762500499172245,0.039383666461931754,20,0.5,0.008672353385292424,0.03529351934805193,0.004128114388781107,20.0,0.016178485744464635
2005,1181.41,22.22,3.41,4.22,190.7,26.587250697970383,0.02926519039429441,4.22,0.033531483208792325,0.04133386349297719,0.007802380284184868,-3.280431803819315,-0.014475104921658979,0.04610666695155117,shiller,-0.014475104921658979,0.04610666695155117,0.033531483208792325,0.007802380284184868,-3.280431803819315,-0.0038348825012112196,0.009770905468560843,0.036656180835186083,0.02688527536662524,0.004677682657791109,0.014448588126351952,0.01828347062756317,20,0.5,0.012109746797456397,0.015944629298667617,-0.05663812144582306,20.0,-0.03001695548306355
2006,1278.73,24.88,5.32,4.42,198.3,26.46870262668572,0.03907952291937697,4.42,0.051833148640017285,0.04325104199431493,-0.008582106645702352,-3.275963002067896,-0.005548039710584644,0.06489721541902035,shiller,-0.005548039710584644,0.06489721541902035,0.051833148640017285,-0.008582106645702352,-3.275963002067896,0.017175725531210946,0.015552453166177057,0.04186171126971121,0.02630925810353415,0.0013893307246037254,0.016941783890780784,-0.0002339416404301617,20,0.5,0.016247118528478918,-0.0009286070027320278,-0.06650031609197149,20.0,-0.06266543359076027
2007,1424.16,27.73,5.34,4.76,202.416,27.207536656807147,0.020543950146563468,4.76,0.05202302806715191,0.04650183365141978,-0.005521194415732129,-3.303494017892406,0.03128919849345382,0.07516560942939551,shiller,0.03128919849345382,0.07516560942939551,0.05202302806715191,-0.005521194415732129,-3.303494017892406,0.03043736575056382,0.015820944404708166,0.04139707905306258,0.025576134648354412,0.0051047545983572,0.020925699003065366,-0.009511666747498454,20,0.5,0.018373321703886766,-0.012064044046677054,-0.02415074180427018,20.0,-0.04132646733548113
2008,1378.76,28.39,3.42,3.74,211.18,24.022317760836835,0.042385864706054696,3.74,0.03362818097998405,0.03671758293516277,0.0030894019551787194,-3.178983304954095,0.009637163361097212,-0.06403881203770355,shiller,0.009637163361097212,-0.06403881203770355,0.03362818097998405,0.0030894019551787194,-3.178983304954095,0.014737450192328985,0.010898554030123114,0.03469457178252427,0.023796017752401154,0.002023011152638504,0.012921565182761618,-0.0018158850095673675,20,0.5,0.011910059606442366,-0.0028273905858866195,0.14117530155533037,20.0,0.11073793580476654
2009,865.58,22.41,1.0150000000000001,2.52,211.143,15.174651936879659,-0.00017522133577698888,2.52,0.01009883467741447,0.02488771550777899,0.014788880830364521,-2.7196264000683232,0.03380340231576104,-0.473607522800403,shiller,0.03380340231576104,-0.473607522800403,0.01009883467741447,0.014788880830364521,-2.7196264000683232,0.02582029768348651,0.006505799940736951,0.02492364222946937,0.01841784228873242,-3.592672169037969e-05,0.006469873219046571,-0.01935042446443994,20,0.5,0.006487836579891761,-0.01933246110359475,0.11493229711090387,20.0,0.10019484691857489
2010,1123.58,22.73,0.45499999999999996,3.73,216.687,20.5278598014544,0.02591828692955306,3.73,0.004539680042031836,0.03662118345564531,0.032081503413613474,-3.0217829782247834,-0.015819452252138592,0.2708047296604516,shiller,-0.015819452252138592,0.2708047296604516,0.004539680042031836,0.032081503413613474,-3.0217829782247834,-0.037796343848809144,0.0036255733940324802,0.031330509409243174,0.027704936015210693,0.005290674046402134,0.008916247440434615,0.04671259128924376,20,0.5,0.006270910417233547,0.04406725426604269,0.010609433670397808,20.0,-0.015210864013088701
2011,1282.62,26.43,0.365,3.39,220.223,22.97829943055498,0.016186753361407485,3.39,0.003643354914798589,0.03333805961051037,0.02969470469571178,-3.1345502675306607,-0.011647073319375648,0.1482419870925305,shiller,-0.011647073319375648,0.1482419870925305,0.003643354914798589,0.02969470469571178,-3.1345502675306607,-0.03047665562335158,0.0025586302691758367,0.028504725719180148,0.02594609545000431,0.00483333389133022,0.007391964160506057,0.03786861978385764,20,0.5,0.004975297214840947,0.035451952838192524,0.03088756126269293,20.0,0.06868390511150207
